coordinate	binary_artifact_count	pom_licenses	pom_source	embedded_notice_members
androidx.activity:activity-ktx:1.9.3	1	The Apache Software License, Version 2.0	https://dl.google.com/dl/android/maven2/androidx/activity/activity-ktx/1.9.3/activity-ktx-1.9.3.pom	
androidx.activity:activity:1.9.3	1	The Apache Software License, Version 2.0	https://dl.google.com/dl/android/maven2/androidx/activity/activity/1.9.3/activity-1.9.3.pom	
androidx.annotation:annotation-experimental:1.4.1	1	The Apache Software License, Version 2.0	https://dl.google.com/dl/android/maven2/androidx/annotation/annotation-experimental/1.4.1/annotation-experimental-1.4.1.pom	
androidx.annotation:annotation-jvm:1.8.1	1	The Apache Software License, Version 2.0	https://dl.google.com/dl/android/maven2/androidx/annotation/annotation-jvm/1.8.1/annotation-jvm-1.8.1.pom	
androidx.annotation:annotation:1.8.1	0	The Apache Software License, Version 2.0	https://dl.google.com/dl/android/maven2/androidx/annotation/annotation/1.8.1/annotation-1.8.1.pom	
androidx.appcompat:appcompat-resources:1.7.0	1	The Apache Software License, Version 2.0	https://dl.google.com/dl/android/maven2/androidx/appcompat/appcompat-resources/1.7.0/appcompat-resources-1.7.0.pom	
androidx.appcompat:appcompat:1.7.0	1	The Apache Software License, Version 2.0	https://dl.google.com/dl/android/maven2/androidx/appcompat/appcompat/1.7.0/appcompat-1.7.0.pom	
androidx.arch.core:core-common:2.2.0	1	The Apache Software License, Version 2.0	https://dl.google.com/dl/android/maven2/androidx/arch/core/core-common/2.2.0/core-common-2.2.0.pom	
androidx.arch.core:core-runtime:2.2.0	1	The Apache Software License, Version 2.0	https://dl.google.com/dl/android/maven2/androidx/arch/core/core-runtime/2.2.0/core-runtime-2.2.0.pom	
androidx.camera:camera-camera2:1.4.2	1	The Apache Software License, Version 2.0	https://dl.google.com/dl/android/maven2/androidx/camera/camera-camera2/1.4.2/camera-camera2-1.4.2.pom	META-INF/androidx/camera/camera-camera2/LICENSE.txt
androidx.camera:camera-core:1.4.2	1	The Apache Software License, Version 2.0 | BSD License	https://dl.google.com/dl/android/maven2/androidx/camera/camera-core/1.4.2/camera-core-1.4.2.pom	META-INF/androidx/camera/camera-core/LICENSE.txt
androidx.camera:camera-lifecycle:1.4.2	1	The Apache Software License, Version 2.0	https://dl.google.com/dl/android/maven2/androidx/camera/camera-lifecycle/1.4.2/camera-lifecycle-1.4.2.pom	META-INF/androidx/camera/camera-lifecycle/LICENSE.txt
androidx.camera:camera-video:1.4.2	1	The Apache Software License, Version 2.0	https://dl.google.com/dl/android/maven2/androidx/camera/camera-video/1.4.2/camera-video-1.4.2.pom	META-INF/androidx/camera/camera-video/LICENSE.txt
androidx.camera:camera-view:1.4.2	1	The Apache Software License, Version 2.0	https://dl.google.com/dl/android/maven2/androidx/camera/camera-view/1.4.2/camera-view-1.4.2.pom	META-INF/androidx/camera/camera-view/LICENSE.txt
androidx.cardview:cardview:1.0.0	1	The Apache Software License, Version 2.0	https://dl.google.com/dl/android/maven2/androidx/cardview/cardview/1.0.0/cardview-1.0.0.pom	
androidx.collection:collection:1.1.0	1	The Apache Software License, Version 2.0	https://dl.google.com/dl/android/maven2/androidx/collection/collection/1.1.0/collection-1.1.0.pom	
androidx.concurrent:concurrent-futures-ktx:1.1.0	1	The Apache Software License, Version 2.0	https://dl.google.com/dl/android/maven2/androidx/concurrent/concurrent-futures-ktx/1.1.0/concurrent-futures-ktx-1.1.0.pom	
androidx.concurrent:concurrent-futures:1.1.0	1	The Apache Software License, Version 2.0	https://dl.google.com/dl/android/maven2/androidx/concurrent/concurrent-futures/1.1.0/concurrent-futures-1.1.0.pom	
androidx.constraintlayout:constraintlayout-solver:2.0.1	1	The Apache Software License, Version 2.0	https://dl.google.com/dl/android/maven2/androidx/constraintlayout/constraintlayout-solver/2.0.1/constraintlayout-solver-2.0.1.pom	
androidx.constraintlayout:constraintlayout:2.0.1	1	The Apache Software License, Version 2.0	https://dl.google.com/dl/android/maven2/androidx/constraintlayout/constraintlayout/2.0.1/constraintlayout-2.0.1.pom	
androidx.coordinatorlayout:coordinatorlayout:1.1.0	1	The Apache Software License, Version 2.0	https://dl.google.com/dl/android/maven2/androidx/coordinatorlayout/coordinatorlayout/1.1.0/coordinatorlayout-1.1.0.pom	
androidx.core:core-ktx:1.13.1	1	The Apache Software License, Version 2.0	https://dl.google.com/dl/android/maven2/androidx/core/core-ktx/1.13.1/core-ktx-1.13.1.pom	
androidx.core:core:1.13.1	2	The Apache Software License, Version 2.0	https://dl.google.com/dl/android/maven2/androidx/core/core/1.13.1/core-1.13.1.pom	
androidx.cursoradapter:cursoradapter:1.0.0	1	The Apache Software License, Version 2.0	https://dl.google.com/dl/android/maven2/androidx/cursoradapter/cursoradapter/1.0.0/cursoradapter-1.0.0.pom	
androidx.customview:customview-poolingcontainer:1.0.0	1	The Apache Software License, Version 2.0	https://dl.google.com/dl/android/maven2/androidx/customview/customview-poolingcontainer/1.0.0/customview-poolingcontainer-1.0.0.pom	
androidx.customview:customview:1.1.0	1	The Apache Software License, Version 2.0	https://dl.google.com/dl/android/maven2/androidx/customview/customview/1.1.0/customview-1.1.0.pom	
androidx.databinding:viewbinding:8.7.0	1	The Apache Software License, Version 2.0	https://dl.google.com/dl/android/maven2/androidx/databinding/viewbinding/8.7.0/viewbinding-8.7.0.pom	
androidx.documentfile:documentfile:1.0.0	1	The Apache Software License, Version 2.0	https://dl.google.com/dl/android/maven2/androidx/documentfile/documentfile/1.0.0/documentfile-1.0.0.pom	
androidx.drawerlayout:drawerlayout:1.1.1	1	The Apache Software License, Version 2.0	https://dl.google.com/dl/android/maven2/androidx/drawerlayout/drawerlayout/1.1.1/drawerlayout-1.1.1.pom	
androidx.dynamicanimation:dynamicanimation:1.0.0	1	The Apache Software License, Version 2.0	https://dl.google.com/dl/android/maven2/androidx/dynamicanimation/dynamicanimation/1.0.0/dynamicanimation-1.0.0.pom	
androidx.emoji2:emoji2-views-helper:1.3.0	1	The Apache Software License, Version 2.0	https://dl.google.com/dl/android/maven2/androidx/emoji2/emoji2-views-helper/1.3.0/emoji2-views-helper-1.3.0.pom	
androidx.emoji2:emoji2:1.3.0	1	The Apache Software License, Version 2.0	https://dl.google.com/dl/android/maven2/androidx/emoji2/emoji2/1.3.0/emoji2-1.3.0.pom	
androidx.exifinterface:exifinterface:1.3.2	1	The Apache Software License, Version 2.0	https://dl.google.com/dl/android/maven2/androidx/exifinterface/exifinterface/1.3.2/exifinterface-1.3.2.pom	
androidx.fragment:fragment:1.5.4	1	The Apache Software License, Version 2.0	https://dl.google.com/dl/android/maven2/androidx/fragment/fragment/1.5.4/fragment-1.5.4.pom	
androidx.interpolator:interpolator:1.0.0	1	The Apache Software License, Version 2.0	https://dl.google.com/dl/android/maven2/androidx/interpolator/interpolator/1.0.0/interpolator-1.0.0.pom	
androidx.legacy:legacy-support-core-utils:1.0.0	1	The Apache Software License, Version 2.0	https://dl.google.com/dl/android/maven2/androidx/legacy/legacy-support-core-utils/1.0.0/legacy-support-core-utils-1.0.0.pom	
androidx.lifecycle:lifecycle-common-jvm:2.8.7	1	The Apache Software License, Version 2.0	https://dl.google.com/dl/android/maven2/androidx/lifecycle/lifecycle-common-jvm/2.8.7/lifecycle-common-jvm-2.8.7.pom	
androidx.lifecycle:lifecycle-common:2.8.7	0	The Apache Software License, Version 2.0	https://dl.google.com/dl/android/maven2/androidx/lifecycle/lifecycle-common/2.8.7/lifecycle-common-2.8.7.pom	
androidx.lifecycle:lifecycle-livedata-core-ktx:2.8.7	1	The Apache Software License, Version 2.0	https://dl.google.com/dl/android/maven2/androidx/lifecycle/lifecycle-livedata-core-ktx/2.8.7/lifecycle-livedata-core-ktx-2.8.7.pom	
androidx.lifecycle:lifecycle-livedata-core:2.8.7	1	The Apache Software License, Version 2.0	https://dl.google.com/dl/android/maven2/androidx/lifecycle/lifecycle-livedata-core/2.8.7/lifecycle-livedata-core-2.8.7.pom	
androidx.lifecycle:lifecycle-livedata:2.8.7	2	The Apache Software License, Version 2.0	https://dl.google.com/dl/android/maven2/androidx/lifecycle/lifecycle-livedata/2.8.7/lifecycle-livedata-2.8.7.pom	
androidx.lifecycle:lifecycle-process:2.8.7	1	The Apache Software License, Version 2.0	https://dl.google.com/dl/android/maven2/androidx/lifecycle/lifecycle-process/2.8.7/lifecycle-process-2.8.7.pom	
androidx.lifecycle:lifecycle-runtime-android:2.8.7	1	The Apache Software License, Version 2.0	https://dl.google.com/dl/android/maven2/androidx/lifecycle/lifecycle-runtime-android/2.8.7/lifecycle-runtime-android-2.8.7.pom	
androidx.lifecycle:lifecycle-runtime-ktx-android:2.8.7	1	The Apache Software License, Version 2.0	https://dl.google.com/dl/android/maven2/androidx/lifecycle/lifecycle-runtime-ktx-android/2.8.7/lifecycle-runtime-ktx-android-2.8.7.pom	
androidx.lifecycle:lifecycle-runtime-ktx:2.8.7	0	The Apache Software License, Version 2.0	https://dl.google.com/dl/android/maven2/androidx/lifecycle/lifecycle-runtime-ktx/2.8.7/lifecycle-runtime-ktx-2.8.7.pom	
androidx.lifecycle:lifecycle-runtime:2.8.7	0	The Apache Software License, Version 2.0	https://dl.google.com/dl/android/maven2/androidx/lifecycle/lifecycle-runtime/2.8.7/lifecycle-runtime-2.8.7.pom	
androidx.lifecycle:lifecycle-service:2.8.7	1	The Apache Software License, Version 2.0	https://dl.google.com/dl/android/maven2/androidx/lifecycle/lifecycle-service/2.8.7/lifecycle-service-2.8.7.pom	
androidx.lifecycle:lifecycle-viewmodel-android:2.8.7	1	The Apache Software License, Version 2.0	https://dl.google.com/dl/android/maven2/androidx/lifecycle/lifecycle-viewmodel-android/2.8.7/lifecycle-viewmodel-android-2.8.7.pom	
androidx.lifecycle:lifecycle-viewmodel-ktx:2.8.7	1	The Apache Software License, Version 2.0	https://dl.google.com/dl/android/maven2/androidx/lifecycle/lifecycle-viewmodel-ktx/2.8.7/lifecycle-viewmodel-ktx-2.8.7.pom	
androidx.lifecycle:lifecycle-viewmodel-savedstate:2.8.7	1	The Apache Software License, Version 2.0	https://dl.google.com/dl/android/maven2/androidx/lifecycle/lifecycle-viewmodel-savedstate/2.8.7/lifecycle-viewmodel-savedstate-2.8.7.pom	
androidx.lifecycle:lifecycle-viewmodel:2.8.7	1	The Apache Software License, Version 2.0	https://dl.google.com/dl/android/maven2/androidx/lifecycle/lifecycle-viewmodel/2.8.7/lifecycle-viewmodel-2.8.7.pom	
androidx.loader:loader:1.0.0	1	The Apache Software License, Version 2.0	https://dl.google.com/dl/android/maven2/androidx/loader/loader/1.0.0/loader-1.0.0.pom	
androidx.localbroadcastmanager:localbroadcastmanager:1.0.0	1	The Apache Software License, Version 2.0	https://dl.google.com/dl/android/maven2/androidx/localbroadcastmanager/localbroadcastmanager/1.0.0/localbroadcastmanager-1.0.0.pom	
androidx.print:print:1.0.0	1	The Apache Software License, Version 2.0	https://dl.google.com/dl/android/maven2/androidx/print/print/1.0.0/print-1.0.0.pom	
androidx.profileinstaller:profileinstaller:1.3.1	1	The Apache Software License, Version 2.0	https://dl.google.com/dl/android/maven2/androidx/profileinstaller/profileinstaller/1.3.1/profileinstaller-1.3.1.pom	
androidx.recyclerview:recyclerview:1.3.2	1	The Apache Software License, Version 2.0	https://dl.google.com/dl/android/maven2/androidx/recyclerview/recyclerview/1.3.2/recyclerview-1.3.2.pom	
androidx.resourceinspection:resourceinspection-annotation:1.0.1	1	The Apache Software License, Version 2.0	https://dl.google.com/dl/android/maven2/androidx/resourceinspection/resourceinspection-annotation/1.0.1/resourceinspection-annotation-1.0.1.pom	
androidx.savedstate:savedstate-ktx:1.2.1	1	The Apache Software License, Version 2.0	https://dl.google.com/dl/android/maven2/androidx/savedstate/savedstate-ktx/1.2.1/savedstate-ktx-1.2.1.pom	
androidx.savedstate:savedstate:1.2.1	1	The Apache Software License, Version 2.0	https://dl.google.com/dl/android/maven2/androidx/savedstate/savedstate/1.2.1/savedstate-1.2.1.pom	
androidx.startup:startup-runtime:1.1.1	1	The Apache Software License, Version 2.0	https://dl.google.com/dl/android/maven2/androidx/startup/startup-runtime/1.1.1/startup-runtime-1.1.1.pom	
androidx.tracing:tracing-ktx:1.2.0	1	The Apache Software License, Version 2.0	https://dl.google.com/dl/android/maven2/androidx/tracing/tracing-ktx/1.2.0/tracing-ktx-1.2.0.pom	
androidx.tracing:tracing:1.2.0	1	The Apache Software License, Version 2.0	https://dl.google.com/dl/android/maven2/androidx/tracing/tracing/1.2.0/tracing-1.2.0.pom	
androidx.transition:transition:1.5.0	1	The Apache Software License, Version 2.0	https://dl.google.com/dl/android/maven2/androidx/transition/transition/1.5.0/transition-1.5.0.pom	
androidx.vectordrawable:vectordrawable-animated:1.1.0	1	The Apache Software License, Version 2.0	https://dl.google.com/dl/android/maven2/androidx/vectordrawable/vectordrawable-animated/1.1.0/vectordrawable-animated-1.1.0.pom	
androidx.vectordrawable:vectordrawable:1.1.0	1	The Apache Software License, Version 2.0	https://dl.google.com/dl/android/maven2/androidx/vectordrawable/vectordrawable/1.1.0/vectordrawable-1.1.0.pom	
androidx.versionedparcelable:versionedparcelable:1.1.1	1	The Apache Software License, Version 2.0	https://dl.google.com/dl/android/maven2/androidx/versionedparcelable/versionedparcelable/1.1.1/versionedparcelable-1.1.1.pom	
androidx.viewpager2:viewpager2:1.1.0-beta02	1	The Apache Software License, Version 2.0	https://dl.google.com/dl/android/maven2/androidx/viewpager2/viewpager2/1.1.0-beta02/viewpager2-1.1.0-beta02.pom	
androidx.viewpager:viewpager:1.0.0	1	The Apache Software License, Version 2.0	https://dl.google.com/dl/android/maven2/androidx/viewpager/viewpager/1.0.0/viewpager-1.0.0.pom	
com.google.android.material:material:1.12.0	1	The Apache Software License, Version 2.0	https://dl.google.com/dl/android/maven2/com/google/android/material/material/1.12.0/material-1.12.0.pom	
com.google.auto.value:auto-value-annotations:1.6.3	1	Apache 2.0	https://repo.maven.apache.org/maven2/com/google/auto/value/auto-value-annotations/1.6.3/auto-value-annotations-1.6.3.pom	
com.google.errorprone:error_prone_annotations:2.15.0	1	Apache 2.0	https://repo.maven.apache.org/maven2/com/google/errorprone/error_prone_annotations/2.15.0/error_prone_annotations-2.15.0.pom	
com.google.guava:listenablefuture:1.0	1	The Apache Software License, Version 2.0	https://repo.maven.apache.org/maven2/com/google/guava/listenablefuture/1.0/listenablefuture-1.0.pom	
org.jetbrains.kotlin:kotlin-bom:1.8.22	0	The Apache Software License, Version 2.0	https://repo.maven.apache.org/maven2/org/jetbrains/kotlin/kotlin-bom/1.8.22/kotlin-bom-1.8.22.pom	
org.jetbrains.kotlin:kotlin-stdlib-common:2.0.21	0	The Apache License, Version 2.0	https://repo.maven.apache.org/maven2/org/jetbrains/kotlin/kotlin-stdlib-common/2.0.21/kotlin-stdlib-common-2.0.21.pom	
org.jetbrains.kotlin:kotlin-stdlib-jdk7:1.8.22	1	The Apache License, Version 2.0	https://repo.maven.apache.org/maven2/org/jetbrains/kotlin/kotlin-stdlib-jdk7/1.8.22/kotlin-stdlib-jdk7-1.8.22.pom	
org.jetbrains.kotlin:kotlin-stdlib-jdk8:1.8.22	1	The Apache License, Version 2.0	https://repo.maven.apache.org/maven2/org/jetbrains/kotlin/kotlin-stdlib-jdk8/1.8.22/kotlin-stdlib-jdk8-1.8.22.pom	
org.jetbrains.kotlin:kotlin-stdlib:2.0.21	1	The Apache License, Version 2.0	https://repo.maven.apache.org/maven2/org/jetbrains/kotlin/kotlin-stdlib/2.0.21/kotlin-stdlib-2.0.21.pom	
org.jetbrains.kotlinx:kotlinx-coroutines-android:1.7.3	1	The Apache Software License, Version 2.0	https://repo.maven.apache.org/maven2/org/jetbrains/kotlinx/kotlinx-coroutines-android/1.7.3/kotlinx-coroutines-android-1.7.3.pom	
org.jetbrains.kotlinx:kotlinx-coroutines-bom:1.7.3	0	The Apache Software License, Version 2.0	https://repo.maven.apache.org/maven2/org/jetbrains/kotlinx/kotlinx-coroutines-bom/1.7.3/kotlinx-coroutines-bom-1.7.3.pom	
org.jetbrains.kotlinx:kotlinx-coroutines-core-jvm:1.7.3	1	The Apache Software License, Version 2.0	https://repo.maven.apache.org/maven2/org/jetbrains/kotlinx/kotlinx-coroutines-core-jvm/1.7.3/kotlinx-coroutines-core-jvm-1.7.3.pom	
org.jetbrains.kotlinx:kotlinx-coroutines-core:1.7.3	0	The Apache Software License, Version 2.0	https://repo.maven.apache.org/maven2/org/jetbrains/kotlinx/kotlinx-coroutines-core/1.7.3/kotlinx-coroutines-core-1.7.3.pom	
org.jetbrains:annotations:23.0.0	1	The Apache Software License, Version 2.0	https://repo.maven.apache.org/maven2/org/jetbrains/annotations/23.0.0/annotations-23.0.0.pom	
