componente,versao,tipo,licenca_declarada,locks,grafos_normais_auditoria_anterior,fonte,avisos_sha256
Android Gradle Plugin,8.7.0,android-build,Apache-2.0,,,https://dl.google.com/dl/android/maven2/com/android/tools/build/gradle/8.7.0/gradle-8.7.0.pom,cfc7749b96f63bd31c3c42b5c471bf756814053e847c10f3eb003417bc523d30
Android NDK:libc++_shared.so (libc++/libc++abi/libunwind/compiler-rt),"27.2.12479018 (r27c, LLVM 18.0.3)",nativo,Apache-2.0 WITH LLVM-exception AND (MIT OR NCSA),,,https://android.googlesource.com/toolchain/llvm-project/+/d8003a456d14a3deb8054cdaa529ffbf02d9b262/libcxx/LICENSE.TXT,1a8f1058753f1ba890de984e48f0242a3a5c29a6a8f2ed9fd813f36985387e8d; 539dd7aed86e8a4f12cbdd0e6c50c189c7d74847e4fecc64ce2c6ee3a01da38b; b5efebcaca80879234098e52d1725e6d9eb8fb96a19fce625d39184b705f7b6d; e2b35be49f7284a45b7baca8fc7b3ab7440e7902392b2528a457816b5bb2a15c
CameraX:libyuv,incorporada em camera-core 1.4.2; revisão não identificada no POM,nativo,BSD-3-Clause,,,https://chromium.googlesource.com/libyuv/libyuv/+/refs/heads/main/LICENSE,2b2cc1180c7e6988328ad2033b04b80117419db9c4c584918bbb3cfec7e9364f
FFmpeg:Boost-derived erf/Bessel algorithms,9.0.1,nativo,BSL-1.0,,,https://github.com/FFmpeg/FFmpeg/blob/n9.0.1/libavutil/mathematics.c,95d0556ea821e27decd900591896c6ba7149d570634ee86a681614f37930e317
FFmpeg:Independent JPEG Group,integrado no FFmpeg 9.0.1,nativo,IJG,,,https://github.com/FFmpeg/FFmpeg/blob/n9.0.1/libavcodec/jrevdct.c,6ea618f1db60eefd0b4d5a0a1c5f458f8d5e2b34c84d9852842af46c80939da4
FFmpeg:SHA1/SHA2 (Steve Reid/Aaron Gifford),9.0.1,nativo,LGPL-2.1-or-later AND BSD-3-Clause,,,https://github.com/FFmpeg/FFmpeg/blob/n9.0.1/libavutil/sha.c,246041b6ecf9bc32d718a62c57877c78b5eb397b6467e74ed7ae2626ab189c30; ad5da8c54041beee2458dd80871d413387af6d53a93b404969231f8531cd6238; b3a13f41cd96ed66bac6d0cc4abde7f728507e3058eb564c8e013ebf3ca4188d
FFmpeg:avsscanf (Rich Felker et al.),9.0.1,nativo,MIT,,,https://github.com/FFmpeg/FFmpeg/blob/n9.0.1/libavutil/avsscanf.c,7312e2bce0dfdb1ef4c0d8b2d9276afefa47ece773dabd65b25ca19a3677ccaa
FFmpeg:fixed_dsp (MIPS Technologies),9.0.1,nativo,BSD-3-Clause AND LGPL-2.1-or-later,,,https://github.com/FFmpeg/FFmpeg/blob/n9.0.1/libavutil/fixed_dsp.c,246041b6ecf9bc32d718a62c57877c78b5eb397b6467e74ed7ae2626ab189c30; 56a970f45f97b7d0f242295b72252b6ebd5eb6eb0fa99bcf11018b9f43bfbf08
FFmpeg:libavcodec/libavformat/libavutil,9.0.1,nativo,LGPL-2.1-or-later,,,https://ffmpeg.org/releases/ffmpeg-9.0.1.tar.xz,246041b6ecf9bc32d718a62c57877c78b5eb397b6467e74ed7ae2626ab189c30; 2e1d16c72fd74e12063776371da757322f8b77589386532f4fd8634bde7de1af
FFmpeg:uuid (Theodore Ts'o),9.0.1,nativo,BSD-3-Clause AND LGPL-2.1-or-later,,,https://github.com/FFmpeg/FFmpeg/blob/n9.0.1/libavutil/uuid.c,246041b6ecf9bc32d718a62c57877c78b5eb397b6467e74ed7ae2626ab189c30; 8fc01ed21f9e60c6e6884fb2306f732e21c7d9bd6356ad35f2c9aeedee59f650
Fontes e símbolos de plataforma,fornecidos pelos sistemas,recurso-sistema,Termos Apple/Microsoft/Android de plataforma; sem arquivos de fonte redistribuídos,,,https://developer.apple.com/design/human-interface-guidelines/sf-symbols; https://learn.microsoft.com/en-us/typography/fonts/font-faq,
Gradle,8.10.2,android-build,Apache-2.0,,,https://github.com/gradle/gradle/blob/v8.10.2/LICENSE,cfc7749b96f63bd31c3c42b5c471bf756814053e847c10f3eb003417bc523d30
Kotlin Gradle plugin,2.0.21,android-build,Apache-2.0,,,https://repo.maven.apache.org/maven2/org/jetbrains/kotlin/kotlin-gradle-plugin/2.0.21/kotlin-gradle-plugin-2.0.21.pom,cfc7749b96f63bd31c3c42b5c471bf756814053e847c10f3eb003417bc523d30
OpenSSL,3.6.3,nativo,Apache-2.0,,,openssl-src 300.6.1+3.6.3/openssl,42002d9aea75f09f82f373bbe82e913056b36f873063d7435802a2aa0e31c97a; 7d5450cb2d142651b8afa315b5f238efc805dad827d91ba367d8516bc9d49e7a; 901ed2a99f9e79a64580334b617c8efa3283a87a66700bdb8a2fef3d3a2dafd8; a1a321135f789eb813b4e4f3049d88fed51310352d373d96d10e9e0901ad9660; b4a44196989ae0b906fc901946e196b29168344b0f91f88ab24348194010bd87; d2029febc2c393278f4414488116694117ad758d13b97bd2d4144e22d02393e8; f6a5e232c2b67688e45116dd37bf73077bdc9217f35b4c04f3e8df359beca10e
Rust standard library e dependências internas,1.98.0 (88d9e12ae),runtime-toolchain,MIT OR Apache-2.0; outras licenças por componente no COPYRIGHT-library,,,COPYRIGHT-library distribuído com o toolchain indicado; textos e titulares upstream preservados,9819bdd19651feb438af39a0e6b184418a035103a4b948532831a96a648326c1
SIMDe (plugin OBS),v0.8.2,nativo,MIT e avisos por arquivo,,,plugins/obs/.libobs/simde/COPYING,0301df734d677bba5383d0781cd42a2d31df80745eec5bc4bef8e1ed4e2eb2af; 0a461c30a82c53429226ccc1f51333ece9b09162c7398bba5a6006bcc3977b31; 0ef97cd9e35de9785fa40b1311e6828910f92643710a03bdf23f6ed9cb6b68b9; 0fbf59554f8b5891d652c85f5d9a324d78f21c55e71a1694f2a24c47d924964a; 101f9d628d6f3afa4f5565259b28efd6a34f2ac6dda18d8e2cf2bb5d64c7a884; 16c7489bbeb7902c6c8fe80822855af171436c5bf1c984a240156c037fc8a985; 1986043bc781245a512c4f1d0be39b072247be84fa07033bfd5cbb7686ce50e6; 2141c38ca20418640ca4dd95ace57e485aa971d394c47913d2fd5a94ac6a8c92; 228371574767b63a36afc82349c55c88f2e5df8d3a0b6c48f1cc02fe0d870ebc; 28b80c0884f0335263e03b536cf5b44f3521ba7ac28ed0f8e5896291d8be64a6; 30b1dbb7603a4543159068244c570ac0be054c8ee2487c915f342cca4b6b6219; 33a6285a17d7bf30235138b4c11782b890428857e373b02f6ed0ce3b00e175e7; 37716018659adc50663e1afb5558191a7692041d17ca2d1df1f5d1aa0bd9b04d; 37b3de53cd820a106384d672cb38da7c9ee66452f2227b7ee2313d60d3bf4312; 384dca24e35d471162ce4fab4f1cc749f6afec9377b0ba8d18da9d2a4432e185; 3b83e79d593c69c791adca4a1f506f721337b16e3ffc60956cc51efc1dda7cda; 41c857352441bec9909667e9beec717e664288f3a21940d01cdb8e92f86c9021; 4438a39f28811249c04c17a9a60a62c6fb1a19bcb3a2101f303e25b279dd57bc; 4aa31ea15c9f4b35a3d15fba74d3ea6265e63d720e6c9551883a51ab6768063a; 4e8fd257d24fbabf1d0f33dfdfde896b32cdf24a050c23cc30165721d2b2aae4; 4fac0466cbc0b1da39e65795ebc5f54838426e8cf7736c3b56c8aff514db8dfb; 522a74c6b9b4e2ee5b3a5d74c0051b6cccfc4d525fe08d6b42c3be5786012917; 5ae819ff9abec348b294f382f24282a85577d13d3a0609b7a15502be80ca977f; 5dd23966438e7b6a5d293eba14ddef75b5c44b9a229bf97de91451e6a7eae15a; 5e0c5e41c18f164c0ad6e5d3c4f0939c4717b01962201bd179f66fcbf8b2df61; 674cc5725c313a4880f705f6bdefac371f1f68c4f76ba83c53da1cdfb1cfa7ad; 6a450f92b42a97af0ef2460406267680a5fc310180abb6197aae13a556d8f117; 6c31b93a3911f588f9a4443a2a08a1544f1c1f4205ffa9a76d44e11b480f5cd4; 6cb2ab2d6630aed14fea228e83f3377eac92f48d47c33932f766be98960a6274; 6e8363763eeb88488b4fe249a0c4398242ce3afccc611642a6d53d4be54b4dbd; 6f6dbf01f84da14d5ad9e63b3b425dcd0aacb7cd2637ea8bef82711da0f8945f; 722715dc95b90511f2da58b596b2069167b0f3c504c034a3b6f9db7090f3ed12; 73f547975005a365bbcfe93bcba919aef28c3ce814147e207d622e20ae074341; 746e3c1388496a03c02879a619a6c93d8ed964dc9ea482ff927053ceffeb5ad7; 75ce0a8c5a7bff42fbd6f8f3b469b518132132c4f4948fb8d02b1ccb5d0df9d8; 7672e1348f515fe83f5892bf44d75f44bf278e335e99f26eebe7664e853a6e68; 79144bded270829690de324c653d283b15cd1df2b03a29fab0dcff7f12ad3091; 8401d624ec9f46aeac6ee2d38bf128c41f69adf8be71a3fcfae8c6847f16f207; 8acabaff8873a2db1c4c1ce1317df56f9b5da8cfd81a7fc03e6310a0f4856bf5; 90806f1a5abe57c826d7470e817d3964f5e10449673c8e3d666d0dca5a129927; 930616037ebaba34e2c203a26c1495c2b597b675acac9eabde7a6f65a7b2b6bc; 943573296041c0f4521a182b75b28ec0141ae308f9acda277c008a5a9724b49f; 9c3d5379ced028e67dfdb78d762a35f05317754f61f895b77f15325dc11869e1; a82e47ff22a46a8b9c1de6fd40bb168655135700096888002822594e0c6761e3; a86e2c8fa7bc2355c284517202ab6488c1e0d032481b2719e772842d4326c055; a898dbf226ea455c13adc3e4d5267acbd7038e462265909069f6c0ffd98a537f; a8be4b63902aac1a4bdc50b129f17c70c2ab6fc45ec67681bd312a9d55c278a1; a9c545ba59bbd2cc02fd360f865a197770a345787b251436ed8c99f81386c9a7; ab3bffefda837cc1e049a0161d0cdd3e05d1ab294ea169ed5b5d4a5af7670737; ad399abdb7ea6ae7f8d0eceb65f80208b4c6fb00862d142b01731a140e7318cd; adc3fa46ec71230787a79a8de568124ce793c4376d94683c870e75421cc452c2; aea8a4e920203b924844acce3879d5a8f65df3c0b17f5c54700db569ec7a55e6; bae0708c1b075f00943849430b4e5e6ba4ba9358c1d9baa2dc88b3fcfe49f18d; bb0af8f7d16235bee0e6b2a2bcdefd62f428c19caacba2cedad8c1153f973ace; bb61f1d014fe79d02cf4be5ac85e95302960674336aaeea194cf5a4139a111ff; c657efdf1d560034dc9eeb1083fe7b775c840b8345408becb49ca73c254b89f0; ca4117d9c4cc48b5a17a44c2ef5af402a8609a29a7d1766afebb0dc563db8ea7; d245c4b11dbf45de96c58bfb171f02a5fa639b6484620552c5cef88df118850b; d3db3f3a7bdb41e66e87a891b2f8c04617b115034e307e9ac42653be5ea28c0b; d5839b93358e12ad8a6dc96d3dd609871f0180c90c1001b84af92daea60a5f19; d9f887264dfbb6f5c158ca25615a920ac4ae02fe61b9c26910439f99459638d6; e7d84e75da63b7bccdbea12ad62a17e09265af9d0bc91a2ba7c9fcdb0d0e436b; ea1b4b64ca365d5f457b6f6a1ced8dcbbcfabd2d680edd51f95b36b92e4465b8; edaee6cb53c9716fa40c1f9f5fc03776c1a2a3baf1395ee71dd083681d0ed163; f0213ecde654995399a7c8e120dd65ca147a967a7f8c63ca60e118f65b9ae341; f1bc95a752293b9c20150adc5675b889623a68b182c3722e6f2c1151fc28d061; f5ac0a4f22d371629ffcf92c6b31bfce52a4688e7bf60150e45ba011b390c741; f7ccc3cb249a69940d304d11b318a37fa5bacfc4b1fa867f89ba7eb2303ead7e; f8551f473b4f0c28fcea39862eef1ac1510ee685424c08cb745660befeaf525f; fbad331938852d0e9d69d319c5740a48379a6b51fbb44c7e263ca82562ff0c76; fbb77a1906b891f491a97cd91dba7402ecb4385bcee99b3c57d89625b9f6f32f; fc75a7e55b9e4b5aa31d8edb921f5f9f3ed67400643aa9a9fca11389c695d071
aho-corasick,1.1.5,crate,Unlicense OR MIT,Cargo.lock; apps/windows/Cargo.lock,,https://crates.io/crates/aho-corasick/1.1.5,01c266bced4a434da0051174d6bee16a4c82cf634e2679b6155d40d75012390f; 0f96a83840e146e43c0ec96a22ec1f392e0680e6c1226e6f3ba87e0740af850f
androidx.activity:activity,1.9.3,android-runtime,Apache-2.0,,,https://dl.google.com/dl/android/maven2/androidx/activity/activity/1.9.3/activity-1.9.3.pom,cfc7749b96f63bd31c3c42b5c471bf756814053e847c10f3eb003417bc523d30
androidx.activity:activity-ktx,1.9.3,android-runtime,Apache-2.0,,,https://dl.google.com/dl/android/maven2/androidx/activity/activity-ktx/1.9.3/activity-ktx-1.9.3.pom,cfc7749b96f63bd31c3c42b5c471bf756814053e847c10f3eb003417bc523d30
androidx.annotation:annotation,1.8.1,android-build,Apache-2.0,,,https://dl.google.com/dl/android/maven2/androidx/annotation/annotation/1.8.1/annotation-1.8.1.pom,cfc7749b96f63bd31c3c42b5c471bf756814053e847c10f3eb003417bc523d30
androidx.annotation:annotation-experimental,1.4.1,android-runtime,Apache-2.0,,,https://dl.google.com/dl/android/maven2/androidx/annotation/annotation-experimental/1.4.1/annotation-experimental-1.4.1.pom,cfc7749b96f63bd31c3c42b5c471bf756814053e847c10f3eb003417bc523d30
androidx.annotation:annotation-jvm,1.8.1,android-runtime,Apache-2.0,,,https://dl.google.com/dl/android/maven2/androidx/annotation/annotation-jvm/1.8.1/annotation-jvm-1.8.1.pom,cfc7749b96f63bd31c3c42b5c471bf756814053e847c10f3eb003417bc523d30
androidx.appcompat:appcompat,1.7.0,android-runtime,Apache-2.0,,,https://dl.google.com/dl/android/maven2/androidx/appcompat/appcompat/1.7.0/appcompat-1.7.0.pom,cfc7749b96f63bd31c3c42b5c471bf756814053e847c10f3eb003417bc523d30
androidx.appcompat:appcompat-resources,1.7.0,android-runtime,Apache-2.0,,,https://dl.google.com/dl/android/maven2/androidx/appcompat/appcompat-resources/1.7.0/appcompat-resources-1.7.0.pom,cfc7749b96f63bd31c3c42b5c471bf756814053e847c10f3eb003417bc523d30
androidx.arch.core:core-common,2.2.0,android-runtime,Apache-2.0,,,https://dl.google.com/dl/android/maven2/androidx/arch/core/core-common/2.2.0/core-common-2.2.0.pom,cfc7749b96f63bd31c3c42b5c471bf756814053e847c10f3eb003417bc523d30
androidx.arch.core:core-runtime,2.2.0,android-runtime,Apache-2.0,,,https://dl.google.com/dl/android/maven2/androidx/arch/core/core-runtime/2.2.0/core-runtime-2.2.0.pom,cfc7749b96f63bd31c3c42b5c471bf756814053e847c10f3eb003417bc523d30
androidx.camera:camera-camera2,1.4.2,android-runtime,Apache-2.0,,,https://dl.google.com/dl/android/maven2/androidx/camera/camera-camera2/1.4.2/camera-camera2-1.4.2.pom,809fa1ed21450f59827d1e9aec720bbc4b687434fa22283c6cb5dd82a47ab9c0; cfc7749b96f63bd31c3c42b5c471bf756814053e847c10f3eb003417bc523d30
androidx.camera:camera-core,1.4.2,android-runtime,Apache-2.0 AND BSD-3-Clause,,,https://dl.google.com/dl/android/maven2/androidx/camera/camera-core/1.4.2/camera-core-1.4.2.pom,2b2cc1180c7e6988328ad2033b04b80117419db9c4c584918bbb3cfec7e9364f; 809fa1ed21450f59827d1e9aec720bbc4b687434fa22283c6cb5dd82a47ab9c0; cfc7749b96f63bd31c3c42b5c471bf756814053e847c10f3eb003417bc523d30
androidx.camera:camera-lifecycle,1.4.2,android-runtime,Apache-2.0,,,https://dl.google.com/dl/android/maven2/androidx/camera/camera-lifecycle/1.4.2/camera-lifecycle-1.4.2.pom,809fa1ed21450f59827d1e9aec720bbc4b687434fa22283c6cb5dd82a47ab9c0; cfc7749b96f63bd31c3c42b5c471bf756814053e847c10f3eb003417bc523d30
androidx.camera:camera-video,1.4.2,android-runtime,Apache-2.0,,,https://dl.google.com/dl/android/maven2/androidx/camera/camera-video/1.4.2/camera-video-1.4.2.pom,809fa1ed21450f59827d1e9aec720bbc4b687434fa22283c6cb5dd82a47ab9c0; cfc7749b96f63bd31c3c42b5c471bf756814053e847c10f3eb003417bc523d30
androidx.camera:camera-view,1.4.2,android-runtime,Apache-2.0,,,https://dl.google.com/dl/android/maven2/androidx/camera/camera-view/1.4.2/camera-view-1.4.2.pom,809fa1ed21450f59827d1e9aec720bbc4b687434fa22283c6cb5dd82a47ab9c0; cfc7749b96f63bd31c3c42b5c471bf756814053e847c10f3eb003417bc523d30
androidx.cardview:cardview,1.0.0,android-runtime,Apache-2.0,,,https://dl.google.com/dl/android/maven2/androidx/cardview/cardview/1.0.0/cardview-1.0.0.pom,cfc7749b96f63bd31c3c42b5c471bf756814053e847c10f3eb003417bc523d30
androidx.collection:collection,1.1.0,android-runtime,Apache-2.0,,,https://dl.google.com/dl/android/maven2/androidx/collection/collection/1.1.0/collection-1.1.0.pom,cfc7749b96f63bd31c3c42b5c471bf756814053e847c10f3eb003417bc523d30
androidx.concurrent:concurrent-futures,1.1.0,android-runtime,Apache-2.0,,,https://dl.google.com/dl/android/maven2/androidx/concurrent/concurrent-futures/1.1.0/concurrent-futures-1.1.0.pom,cfc7749b96f63bd31c3c42b5c471bf756814053e847c10f3eb003417bc523d30
androidx.concurrent:concurrent-futures-ktx,1.1.0,android-runtime,Apache-2.0,,,https://dl.google.com/dl/android/maven2/androidx/concurrent/concurrent-futures-ktx/1.1.0/concurrent-futures-ktx-1.1.0.pom,cfc7749b96f63bd31c3c42b5c471bf756814053e847c10f3eb003417bc523d30
androidx.constraintlayout:constraintlayout,2.0.1,android-runtime,Apache-2.0,,,https://dl.google.com/dl/android/maven2/androidx/constraintlayout/constraintlayout/2.0.1/constraintlayout-2.0.1.pom,cfc7749b96f63bd31c3c42b5c471bf756814053e847c10f3eb003417bc523d30
androidx.constraintlayout:constraintlayout-solver,2.0.1,android-runtime,Apache-2.0,,,https://dl.google.com/dl/android/maven2/androidx/constraintlayout/constraintlayout-solver/2.0.1/constraintlayout-solver-2.0.1.pom,cfc7749b96f63bd31c3c42b5c471bf756814053e847c10f3eb003417bc523d30
androidx.coordinatorlayout:coordinatorlayout,1.1.0,android-runtime,Apache-2.0,,,https://dl.google.com/dl/android/maven2/androidx/coordinatorlayout/coordinatorlayout/1.1.0/coordinatorlayout-1.1.0.pom,cfc7749b96f63bd31c3c42b5c471bf756814053e847c10f3eb003417bc523d30
androidx.core:core,1.13.1,android-runtime,Apache-2.0,,,https://dl.google.com/dl/android/maven2/androidx/core/core/1.13.1/core-1.13.1.pom,cfc7749b96f63bd31c3c42b5c471bf756814053e847c10f3eb003417bc523d30
androidx.core:core-ktx,1.13.1,android-runtime,Apache-2.0,,,https://dl.google.com/dl/android/maven2/androidx/core/core-ktx/1.13.1/core-ktx-1.13.1.pom,cfc7749b96f63bd31c3c42b5c471bf756814053e847c10f3eb003417bc523d30
androidx.cursoradapter:cursoradapter,1.0.0,android-runtime,Apache-2.0,,,https://dl.google.com/dl/android/maven2/androidx/cursoradapter/cursoradapter/1.0.0/cursoradapter-1.0.0.pom,cfc7749b96f63bd31c3c42b5c471bf756814053e847c10f3eb003417bc523d30
androidx.customview:customview,1.1.0,android-runtime,Apache-2.0,,,https://dl.google.com/dl/android/maven2/androidx/customview/customview/1.1.0/customview-1.1.0.pom,cfc7749b96f63bd31c3c42b5c471bf756814053e847c10f3eb003417bc523d30
androidx.customview:customview-poolingcontainer,1.0.0,android-runtime,Apache-2.0,,,https://dl.google.com/dl/android/maven2/androidx/customview/customview-poolingcontainer/1.0.0/customview-poolingcontainer-1.0.0.pom,cfc7749b96f63bd31c3c42b5c471bf756814053e847c10f3eb003417bc523d30
androidx.databinding:viewbinding,8.7.0,android-runtime,Apache-2.0,,,https://dl.google.com/dl/android/maven2/androidx/databinding/viewbinding/8.7.0/viewbinding-8.7.0.pom,cfc7749b96f63bd31c3c42b5c471bf756814053e847c10f3eb003417bc523d30
androidx.documentfile:documentfile,1.0.0,android-runtime,Apache-2.0,,,https://dl.google.com/dl/android/maven2/androidx/documentfile/documentfile/1.0.0/documentfile-1.0.0.pom,cfc7749b96f63bd31c3c42b5c471bf756814053e847c10f3eb003417bc523d30
androidx.drawerlayout:drawerlayout,1.1.1,android-runtime,Apache-2.0,,,https://dl.google.com/dl/android/maven2/androidx/drawerlayout/drawerlayout/1.1.1/drawerlayout-1.1.1.pom,cfc7749b96f63bd31c3c42b5c471bf756814053e847c10f3eb003417bc523d30
androidx.dynamicanimation:dynamicanimation,1.0.0,android-runtime,Apache-2.0,,,https://dl.google.com/dl/android/maven2/androidx/dynamicanimation/dynamicanimation/1.0.0/dynamicanimation-1.0.0.pom,cfc7749b96f63bd31c3c42b5c471bf756814053e847c10f3eb003417bc523d30
androidx.emoji2:emoji2,1.3.0,android-runtime,Apache-2.0,,,https://dl.google.com/dl/android/maven2/androidx/emoji2/emoji2/1.3.0/emoji2-1.3.0.pom,cfc7749b96f63bd31c3c42b5c471bf756814053e847c10f3eb003417bc523d30
androidx.emoji2:emoji2-views-helper,1.3.0,android-runtime,Apache-2.0,,,https://dl.google.com/dl/android/maven2/androidx/emoji2/emoji2-views-helper/1.3.0/emoji2-views-helper-1.3.0.pom,cfc7749b96f63bd31c3c42b5c471bf756814053e847c10f3eb003417bc523d30
androidx.exifinterface:exifinterface,1.3.2,android-runtime,Apache-2.0,,,https://dl.google.com/dl/android/maven2/androidx/exifinterface/exifinterface/1.3.2/exifinterface-1.3.2.pom,cfc7749b96f63bd31c3c42b5c471bf756814053e847c10f3eb003417bc523d30
androidx.fragment:fragment,1.5.4,android-runtime,Apache-2.0,,,https://dl.google.com/dl/android/maven2/androidx/fragment/fragment/1.5.4/fragment-1.5.4.pom,cfc7749b96f63bd31c3c42b5c471bf756814053e847c10f3eb003417bc523d30
androidx.interpolator:interpolator,1.0.0,android-runtime,Apache-2.0,,,https://dl.google.com/dl/android/maven2/androidx/interpolator/interpolator/1.0.0/interpolator-1.0.0.pom,cfc7749b96f63bd31c3c42b5c471bf756814053e847c10f3eb003417bc523d30
androidx.legacy:legacy-support-core-utils,1.0.0,android-runtime,Apache-2.0,,,https://dl.google.com/dl/android/maven2/androidx/legacy/legacy-support-core-utils/1.0.0/legacy-support-core-utils-1.0.0.pom,cfc7749b96f63bd31c3c42b5c471bf756814053e847c10f3eb003417bc523d30
androidx.lifecycle:lifecycle-common,2.8.7,android-build,Apache-2.0,,,https://dl.google.com/dl/android/maven2/androidx/lifecycle/lifecycle-common/2.8.7/lifecycle-common-2.8.7.pom,cfc7749b96f63bd31c3c42b5c471bf756814053e847c10f3eb003417bc523d30
androidx.lifecycle:lifecycle-common-jvm,2.8.7,android-runtime,Apache-2.0,,,https://dl.google.com/dl/android/maven2/androidx/lifecycle/lifecycle-common-jvm/2.8.7/lifecycle-common-jvm-2.8.7.pom,cfc7749b96f63bd31c3c42b5c471bf756814053e847c10f3eb003417bc523d30
androidx.lifecycle:lifecycle-livedata,2.8.7,android-runtime,Apache-2.0,,,https://dl.google.com/dl/android/maven2/androidx/lifecycle/lifecycle-livedata/2.8.7/lifecycle-livedata-2.8.7.pom,cfc7749b96f63bd31c3c42b5c471bf756814053e847c10f3eb003417bc523d30
androidx.lifecycle:lifecycle-livedata-core,2.8.7,android-runtime,Apache-2.0,,,https://dl.google.com/dl/android/maven2/androidx/lifecycle/lifecycle-livedata-core/2.8.7/lifecycle-livedata-core-2.8.7.pom,cfc7749b96f63bd31c3c42b5c471bf756814053e847c10f3eb003417bc523d30
androidx.lifecycle:lifecycle-livedata-core-ktx,2.8.7,android-runtime,Apache-2.0,,,https://dl.google.com/dl/android/maven2/androidx/lifecycle/lifecycle-livedata-core-ktx/2.8.7/lifecycle-livedata-core-ktx-2.8.7.pom,cfc7749b96f63bd31c3c42b5c471bf756814053e847c10f3eb003417bc523d30
androidx.lifecycle:lifecycle-process,2.8.7,android-runtime,Apache-2.0,,,https://dl.google.com/dl/android/maven2/androidx/lifecycle/lifecycle-process/2.8.7/lifecycle-process-2.8.7.pom,cfc7749b96f63bd31c3c42b5c471bf756814053e847c10f3eb003417bc523d30
androidx.lifecycle:lifecycle-runtime,2.8.7,android-build,Apache-2.0,,,https://dl.google.com/dl/android/maven2/androidx/lifecycle/lifecycle-runtime/2.8.7/lifecycle-runtime-2.8.7.pom,cfc7749b96f63bd31c3c42b5c471bf756814053e847c10f3eb003417bc523d30
androidx.lifecycle:lifecycle-runtime-android,2.8.7,android-runtime,Apache-2.0,,,https://dl.google.com/dl/android/maven2/androidx/lifecycle/lifecycle-runtime-android/2.8.7/lifecycle-runtime-android-2.8.7.pom,cfc7749b96f63bd31c3c42b5c471bf756814053e847c10f3eb003417bc523d30
androidx.lifecycle:lifecycle-runtime-ktx,2.8.7,android-build,Apache-2.0,,,https://dl.google.com/dl/android/maven2/androidx/lifecycle/lifecycle-runtime-ktx/2.8.7/lifecycle-runtime-ktx-2.8.7.pom,cfc7749b96f63bd31c3c42b5c471bf756814053e847c10f3eb003417bc523d30
androidx.lifecycle:lifecycle-runtime-ktx-android,2.8.7,android-runtime,Apache-2.0,,,https://dl.google.com/dl/android/maven2/androidx/lifecycle/lifecycle-runtime-ktx-android/2.8.7/lifecycle-runtime-ktx-android-2.8.7.pom,cfc7749b96f63bd31c3c42b5c471bf756814053e847c10f3eb003417bc523d30
androidx.lifecycle:lifecycle-service,2.8.7,android-runtime,Apache-2.0,,,https://dl.google.com/dl/android/maven2/androidx/lifecycle/lifecycle-service/2.8.7/lifecycle-service-2.8.7.pom,cfc7749b96f63bd31c3c42b5c471bf756814053e847c10f3eb003417bc523d30
androidx.lifecycle:lifecycle-viewmodel,2.8.7,android-runtime,Apache-2.0,,,https://dl.google.com/dl/android/maven2/androidx/lifecycle/lifecycle-viewmodel/2.8.7/lifecycle-viewmodel-2.8.7.pom,cfc7749b96f63bd31c3c42b5c471bf756814053e847c10f3eb003417bc523d30
androidx.lifecycle:lifecycle-viewmodel-android,2.8.7,android-runtime,Apache-2.0,,,https://dl.google.com/dl/android/maven2/androidx/lifecycle/lifecycle-viewmodel-android/2.8.7/lifecycle-viewmodel-android-2.8.7.pom,cfc7749b96f63bd31c3c42b5c471bf756814053e847c10f3eb003417bc523d30
androidx.lifecycle:lifecycle-viewmodel-ktx,2.8.7,android-runtime,Apache-2.0,,,https://dl.google.com/dl/android/maven2/androidx/lifecycle/lifecycle-viewmodel-ktx/2.8.7/lifecycle-viewmodel-ktx-2.8.7.pom,cfc7749b96f63bd31c3c42b5c471bf756814053e847c10f3eb003417bc523d30
androidx.lifecycle:lifecycle-viewmodel-savedstate,2.8.7,android-runtime,Apache-2.0,,,https://dl.google.com/dl/android/maven2/androidx/lifecycle/lifecycle-viewmodel-savedstate/2.8.7/lifecycle-viewmodel-savedstate-2.8.7.pom,cfc7749b96f63bd31c3c42b5c471bf756814053e847c10f3eb003417bc523d30
androidx.loader:loader,1.0.0,android-runtime,Apache-2.0,,,https://dl.google.com/dl/android/maven2/androidx/loader/loader/1.0.0/loader-1.0.0.pom,cfc7749b96f63bd31c3c42b5c471bf756814053e847c10f3eb003417bc523d30
androidx.localbroadcastmanager:localbroadcastmanager,1.0.0,android-runtime,Apache-2.0,,,https://dl.google.com/dl/android/maven2/androidx/localbroadcastmanager/localbroadcastmanager/1.0.0/localbroadcastmanager-1.0.0.pom,cfc7749b96f63bd31c3c42b5c471bf756814053e847c10f3eb003417bc523d30
androidx.print:print,1.0.0,android-runtime,Apache-2.0,,,https://dl.google.com/dl/android/maven2/androidx/print/print/1.0.0/print-1.0.0.pom,cfc7749b96f63bd31c3c42b5c471bf756814053e847c10f3eb003417bc523d30
androidx.profileinstaller:profileinstaller,1.3.1,android-runtime,Apache-2.0,,,https://dl.google.com/dl/android/maven2/androidx/profileinstaller/profileinstaller/1.3.1/profileinstaller-1.3.1.pom,cfc7749b96f63bd31c3c42b5c471bf756814053e847c10f3eb003417bc523d30
androidx.recyclerview:recyclerview,1.3.2,android-runtime,Apache-2.0,,,https://dl.google.com/dl/android/maven2/androidx/recyclerview/recyclerview/1.3.2/recyclerview-1.3.2.pom,cfc7749b96f63bd31c3c42b5c471bf756814053e847c10f3eb003417bc523d30
androidx.resourceinspection:resourceinspection-annotation,1.0.1,android-runtime,Apache-2.0,,,https://dl.google.com/dl/android/maven2/androidx/resourceinspection/resourceinspection-annotation/1.0.1/resourceinspection-annotation-1.0.1.pom,cfc7749b96f63bd31c3c42b5c471bf756814053e847c10f3eb003417bc523d30
androidx.savedstate:savedstate,1.2.1,android-runtime,Apache-2.0,,,https://dl.google.com/dl/android/maven2/androidx/savedstate/savedstate/1.2.1/savedstate-1.2.1.pom,cfc7749b96f63bd31c3c42b5c471bf756814053e847c10f3eb003417bc523d30
androidx.savedstate:savedstate-ktx,1.2.1,android-runtime,Apache-2.0,,,https://dl.google.com/dl/android/maven2/androidx/savedstate/savedstate-ktx/1.2.1/savedstate-ktx-1.2.1.pom,cfc7749b96f63bd31c3c42b5c471bf756814053e847c10f3eb003417bc523d30
androidx.startup:startup-runtime,1.1.1,android-runtime,Apache-2.0,,,https://dl.google.com/dl/android/maven2/androidx/startup/startup-runtime/1.1.1/startup-runtime-1.1.1.pom,cfc7749b96f63bd31c3c42b5c471bf756814053e847c10f3eb003417bc523d30
androidx.tracing:tracing,1.2.0,android-runtime,Apache-2.0,,,https://dl.google.com/dl/android/maven2/androidx/tracing/tracing/1.2.0/tracing-1.2.0.pom,cfc7749b96f63bd31c3c42b5c471bf756814053e847c10f3eb003417bc523d30
androidx.tracing:tracing-ktx,1.2.0,android-runtime,Apache-2.0,,,https://dl.google.com/dl/android/maven2/androidx/tracing/tracing-ktx/1.2.0/tracing-ktx-1.2.0.pom,cfc7749b96f63bd31c3c42b5c471bf756814053e847c10f3eb003417bc523d30
androidx.transition:transition,1.5.0,android-runtime,Apache-2.0,,,https://dl.google.com/dl/android/maven2/androidx/transition/transition/1.5.0/transition-1.5.0.pom,cfc7749b96f63bd31c3c42b5c471bf756814053e847c10f3eb003417bc523d30
androidx.vectordrawable:vectordrawable,1.1.0,android-runtime,Apache-2.0,,,https://dl.google.com/dl/android/maven2/androidx/vectordrawable/vectordrawable/1.1.0/vectordrawable-1.1.0.pom,cfc7749b96f63bd31c3c42b5c471bf756814053e847c10f3eb003417bc523d30
androidx.vectordrawable:vectordrawable-animated,1.1.0,android-runtime,Apache-2.0,,,https://dl.google.com/dl/android/maven2/androidx/vectordrawable/vectordrawable-animated/1.1.0/vectordrawable-animated-1.1.0.pom,cfc7749b96f63bd31c3c42b5c471bf756814053e847c10f3eb003417bc523d30
androidx.versionedparcelable:versionedparcelable,1.1.1,android-runtime,Apache-2.0,,,https://dl.google.com/dl/android/maven2/androidx/versionedparcelable/versionedparcelable/1.1.1/versionedparcelable-1.1.1.pom,cfc7749b96f63bd31c3c42b5c471bf756814053e847c10f3eb003417bc523d30
androidx.viewpager2:viewpager2,1.1.0-beta02,android-runtime,Apache-2.0,,,https://dl.google.com/dl/android/maven2/androidx/viewpager2/viewpager2/1.1.0-beta02/viewpager2-1.1.0-beta02.pom,cfc7749b96f63bd31c3c42b5c471bf756814053e847c10f3eb003417bc523d30
androidx.viewpager:viewpager,1.0.0,android-runtime,Apache-2.0,,,https://dl.google.com/dl/android/maven2/androidx/viewpager/viewpager/1.0.0/viewpager-1.0.0.pom,cfc7749b96f63bd31c3c42b5c471bf756814053e847c10f3eb003417bc523d30
anstream,1.0.0,crate,MIT OR Apache-2.0,Cargo.lock; apps/windows/Cargo.lock; tools/sonda-r5/windows/Cargo.lock,Windows-Store-x64,https://crates.io/crates/anstream/1.0.0,6efb0476a1cc085077ed49357026d8c173bf33017278ef440f222fb9cbcb66e6; c6596eb7be8581c18be736c846fb9173b69eccf6ef94c5135893ec56bd92ba08
anstyle,1.0.14,crate,MIT OR Apache-2.0,Cargo.lock; apps/windows/Cargo.lock; tools/sonda-r5/windows/Cargo.lock,Windows-Store-x64,https://crates.io/crates/anstyle/1.0.14,6efb0476a1cc085077ed49357026d8c173bf33017278ef440f222fb9cbcb66e6; c6596eb7be8581c18be736c846fb9173b69eccf6ef94c5135893ec56bd92ba08
anstyle-parse,1.0.0,crate,MIT OR Apache-2.0,Cargo.lock; apps/windows/Cargo.lock; tools/sonda-r5/windows/Cargo.lock,Windows-Store-x64,https://crates.io/crates/anstyle-parse/1.0.0,6efb0476a1cc085077ed49357026d8c173bf33017278ef440f222fb9cbcb66e6; c6596eb7be8581c18be736c846fb9173b69eccf6ef94c5135893ec56bd92ba08
anstyle-query,1.1.5,crate,MIT OR Apache-2.0,Cargo.lock; apps/windows/Cargo.lock; tools/sonda-r5/windows/Cargo.lock,Windows-Store-x64,https://crates.io/crates/anstyle-query/1.1.5,6efb0476a1cc085077ed49357026d8c173bf33017278ef440f222fb9cbcb66e6; c6596eb7be8581c18be736c846fb9173b69eccf6ef94c5135893ec56bd92ba08
anstyle-wincon,3.0.11,crate,MIT OR Apache-2.0,Cargo.lock; apps/windows/Cargo.lock; tools/sonda-r5/windows/Cargo.lock,Windows-Store-x64,https://crates.io/crates/anstyle-wincon/3.0.11,6efb0476a1cc085077ed49357026d8c173bf33017278ef440f222fb9cbcb66e6; c6596eb7be8581c18be736c846fb9173b69eccf6ef94c5135893ec56bd92ba08
anyhow,1.0.104,crate,MIT OR Apache-2.0,apps/windows/Cargo.lock; tools/sonda-r5/windows/Cargo.lock,Windows-Store-x64,https://crates.io/crates/anyhow/1.0.104,23f18e03dc49df91622fe2a76176497404e46ced8a715d9d2b67a7446571cca3; 62c7a1e35f56406896d7aa7ca52d0cc0d272ac022b5d2796e7d6905db8a3636a
bindgen,0.71.1,crate,BSD-3-Clause,Cargo.lock; apps/windows/Cargo.lock,,https://crates.io/crates/bindgen/0.71.1,c23953d9deb0a3312dbeaf6c128a657f3591acee45067612fa68405eaa4525db
bitflags,2.13.1,crate,MIT OR Apache-2.0,Cargo.lock,,https://crates.io/crates/bitflags/2.13.1,6485b8ed310d3f0340bf1ad1f47645069ce4069dcc6bb46c7d5c6faf41de1fdb; a60eea817514531668d7e00765731449fe14d059d3249e0bc93b36de45f759f2
bitflags,2.13.2,crate,MIT OR Apache-2.0,apps/windows/Cargo.lock,,https://crates.io/crates/bitflags/2.13.2,6485b8ed310d3f0340bf1ad1f47645069ce4069dcc6bb46c7d5c6faf41de1fdb; a60eea817514531668d7e00765731449fe14d059d3249e0bc93b36de45f759f2
block-buffer,0.10.4,crate,MIT OR Apache-2.0,Cargo.lock; apps/windows/Cargo.lock,iOS; macOS; Android-arm64; Android-armv7; Windows-Store-x64,https://crates.io/crates/block-buffer/0.10.4,a9040321c3712d8fd0b09cf52b17445de04a23a10165049ae187cd39e5c86be5; d5c22aa3118d240e877ad41c5d9fa232f9c77d757d4aac0c2f943afc0a95e0ef
block-buffer,0.12.1,crate,MIT OR Apache-2.0,Cargo.lock; apps/windows/Cargo.lock,iOS; macOS; Android-arm64; Android-armv7; Windows-Store-x64,https://crates.io/crates/block-buffer/0.12.1,98181e7249d0c01737645ec982499ce99a0f07eb8f7d625b8840d799d10dbc01; a9040321c3712d8fd0b09cf52b17445de04a23a10165049ae187cd39e5c86be5
bytes,1.12.1,crate,MIT,Cargo.lock; apps/windows/Cargo.lock,iOS; macOS; Android-arm64; Android-armv7; Windows-Store-x64,https://crates.io/crates/bytes/1.12.1,45f522cacecb1023856e46df79ca625dfc550c94910078bd8aec6e02880b3d42
cbindgen,0.29.4,crate,MPL-2.0,Cargo.lock,,https://crates.io/crates/cbindgen/0.29.4,1f256ecad192880510e84ad60474eab7589218784b9a50bc7ceee34c2b91f1d5
cc,1.4.4,crate,MIT OR Apache-2.0,Cargo.lock,,https://crates.io/crates/cc/1.4.4,378f5840b258e2779c39418f3f2d7b2ba96f1c7917dd6be0713f88305dbda397; a60eea817514531668d7e00765731449fe14d059d3249e0bc93b36de45f759f2
cc,1.5.1,crate,MIT OR Apache-2.0,apps/windows/Cargo.lock,,https://crates.io/crates/cc/1.5.1,378f5840b258e2779c39418f3f2d7b2ba96f1c7917dd6be0713f88305dbda397; a60eea817514531668d7e00765731449fe14d059d3249e0bc93b36de45f759f2
cexpr,0.6.0,crate,Apache-2.0/MIT,Cargo.lock; apps/windows/Cargo.lock,,https://crates.io/crates/cexpr/0.6.0,a60eea817514531668d7e00765731449fe14d059d3249e0bc93b36de45f759f2; d9771b8c6cf4426d3846de54c1febe20907f1eeadf7adfb5ade89a83bd9ea77f
cfg-if,1.0.4,crate,MIT OR Apache-2.0,Cargo.lock,iOS; macOS; Android-arm64; Android-armv7,https://crates.io/crates/cfg-if/1.0.4,378f5840b258e2779c39418f3f2d7b2ba96f1c7917dd6be0713f88305dbda397; a60eea817514531668d7e00765731449fe14d059d3249e0bc93b36de45f759f2
cfg-if,1.0.5,crate,MIT OR Apache-2.0,apps/windows/Cargo.lock,Windows-Store-x64,https://crates.io/crates/cfg-if/1.0.5,378f5840b258e2779c39418f3f2d7b2ba96f1c7917dd6be0713f88305dbda397; a60eea817514531668d7e00765731449fe14d059d3249e0bc93b36de45f759f2
chacha20,0.10.1,crate,MIT OR Apache-2.0,Cargo.lock,iOS; macOS; Android-arm64; Android-armv7,https://crates.io/crates/chacha20/0.10.1,a9040321c3712d8fd0b09cf52b17445de04a23a10165049ae187cd39e5c86be5; b8c6939380a400f53e11923d50fcc4dd2fa1ba8339fd9d04cda38a0251b6c9b0
chacha20,0.10.2,crate,MIT OR Apache-2.0,apps/windows/Cargo.lock,Windows-Store-x64,https://crates.io/crates/chacha20/0.10.2,a9040321c3712d8fd0b09cf52b17445de04a23a10165049ae187cd39e5c86be5; b8c6939380a400f53e11923d50fcc4dd2fa1ba8339fd9d04cda38a0251b6c9b0
clang-sys,1.9.1,crate,Apache-2.0,Cargo.lock; apps/windows/Cargo.lock,,https://crates.io/crates/clang-sys/1.9.1,cfc7749b96f63bd31c3c42b5c471bf756814053e847c10f3eb003417bc523d30
clap,4.6.6,crate,MIT OR Apache-2.0,Cargo.lock; apps/windows/Cargo.lock; tools/sonda-r5/windows/Cargo.lock,Windows-Store-x64,https://crates.io/crates/clap/4.6.6,6efb0476a1cc085077ed49357026d8c173bf33017278ef440f222fb9cbcb66e6; c6596eb7be8581c18be736c846fb9173b69eccf6ef94c5135893ec56bd92ba08
clap_builder,4.6.6,crate,MIT OR Apache-2.0,Cargo.lock; apps/windows/Cargo.lock; tools/sonda-r5/windows/Cargo.lock,Windows-Store-x64,https://crates.io/crates/clap_builder/4.6.6,6efb0476a1cc085077ed49357026d8c173bf33017278ef440f222fb9cbcb66e6; c6596eb7be8581c18be736c846fb9173b69eccf6ef94c5135893ec56bd92ba08
clap_derive,4.6.4,crate,MIT OR Apache-2.0,apps/windows/Cargo.lock; tools/sonda-r5/windows/Cargo.lock,Windows-Store-x64,https://crates.io/crates/clap_derive/4.6.4,6efb0476a1cc085077ed49357026d8c173bf33017278ef440f222fb9cbcb66e6; c6596eb7be8581c18be736c846fb9173b69eccf6ef94c5135893ec56bd92ba08
clap_lex,1.1.0,crate,MIT OR Apache-2.0,Cargo.lock; apps/windows/Cargo.lock; tools/sonda-r5/windows/Cargo.lock,Windows-Store-x64,https://crates.io/crates/clap_lex/1.1.0,6efb0476a1cc085077ed49357026d8c173bf33017278ef440f222fb9cbcb66e6; c6596eb7be8581c18be736c846fb9173b69eccf6ef94c5135893ec56bd92ba08
cmake,0.1.58,crate,MIT OR Apache-2.0,Cargo.lock; apps/windows/Cargo.lock,,https://crates.io/crates/cmake/0.1.58,378f5840b258e2779c39418f3f2d7b2ba96f1c7917dd6be0713f88305dbda397; a60eea817514531668d7e00765731449fe14d059d3249e0bc93b36de45f759f2
colorchoice,1.0.5,crate,MIT OR Apache-2.0,Cargo.lock; apps/windows/Cargo.lock; tools/sonda-r5/windows/Cargo.lock,Windows-Store-x64,https://crates.io/crates/colorchoice/1.0.5,6efb0476a1cc085077ed49357026d8c173bf33017278ef440f222fb9cbcb66e6; c6596eb7be8581c18be736c846fb9173b69eccf6ef94c5135893ec56bd92ba08
com.google.android.material:material,1.12.0,android-runtime,Apache-2.0,,,https://dl.google.com/dl/android/maven2/com/google/android/material/material/1.12.0/material-1.12.0.pom,cfc7749b96f63bd31c3c42b5c471bf756814053e847c10f3eb003417bc523d30
com.google.auto.value:auto-value-annotations,1.6.3,android-runtime,Apache-2.0,,,https://repo.maven.apache.org/maven2/com/google/auto/value/auto-value-annotations/1.6.3/auto-value-annotations-1.6.3.pom,cfc7749b96f63bd31c3c42b5c471bf756814053e847c10f3eb003417bc523d30
com.google.errorprone:error_prone_annotations,2.15.0,android-runtime,Apache-2.0,,,https://repo.maven.apache.org/maven2/com/google/errorprone/error_prone_annotations/2.15.0/error_prone_annotations-2.15.0.pom,cfc7749b96f63bd31c3c42b5c471bf756814053e847c10f3eb003417bc523d30
com.google.guava:listenablefuture,1.0,android-runtime,Apache-2.0,,,https://repo.maven.apache.org/maven2/com/google/guava/listenablefuture/1.0/listenablefuture-1.0.pom,cfc7749b96f63bd31c3c42b5c471bf756814053e847c10f3eb003417bc523d30
const-oid,0.10.2,crate,Apache-2.0 OR MIT,Cargo.lock; apps/windows/Cargo.lock,iOS; macOS; Android-arm64; Android-armv7; Windows-Store-x64,https://crates.io/crates/const-oid/0.10.2,73b9dc2e79c7308998dd30296e073aefaefb944a68fb89aa412c23c0edcabcaa; a9040321c3712d8fd0b09cf52b17445de04a23a10165049ae187cd39e5c86be5
cpp_build,0.5.11,crate,MIT OR Apache-2.0,Cargo.lock; apps/windows/Cargo.lock,,https://crates.io/crates/cpp_build/0.5.11,3daa0f73535f5dd828a0e6b91bd7249fd432a0247e9634544abed4bbafa39357; 9d86fe7b9fe61d3c13ee44244e80eda2d9203b35fa4e50a42a7f00590f6b7d89
cpp_common,0.5.11,crate,MIT OR Apache-2.0,Cargo.lock; apps/windows/Cargo.lock,,https://crates.io/crates/cpp_common/0.5.11,3daa0f73535f5dd828a0e6b91bd7249fd432a0247e9634544abed4bbafa39357; 9d86fe7b9fe61d3c13ee44244e80eda2d9203b35fa4e50a42a7f00590f6b7d89
cpufeatures,0.2.17,crate,MIT OR Apache-2.0,Cargo.lock; apps/windows/Cargo.lock,iOS; macOS; Android-arm64; Windows-Store-x64,https://crates.io/crates/cpufeatures/0.2.17,a9040321c3712d8fd0b09cf52b17445de04a23a10165049ae187cd39e5c86be5; ae9baa7beea910273c2f384c2a6b721fb7bd02bda3436074a1072e4ee689f985
cpufeatures,0.3.0,crate,MIT OR Apache-2.0,Cargo.lock,iOS; macOS; Android-arm64,https://crates.io/crates/cpufeatures/0.3.0,a9040321c3712d8fd0b09cf52b17445de04a23a10165049ae187cd39e5c86be5; ae9baa7beea910273c2f384c2a6b721fb7bd02bda3436074a1072e4ee689f985
cpufeatures,0.3.1,crate,MIT OR Apache-2.0,apps/windows/Cargo.lock,Windows-Store-x64,https://crates.io/crates/cpufeatures/0.3.1,73b9dc2e79c7308998dd30296e073aefaefb944a68fb89aa412c23c0edcabcaa; a9040321c3712d8fd0b09cf52b17445de04a23a10165049ae187cd39e5c86be5
crossbeam-channel,0.5.16,crate,MIT OR Apache-2.0,apps/windows/Cargo.lock; tools/sonda-r5/windows/Cargo.lock,Windows-Store-x64,https://crates.io/crates/crossbeam-channel/0.5.16,5734ed989dfca1f625b40281ee9f4530f91b2411ec01cb748223e7eb87e201ab; a60eea817514531668d7e00765731449fe14d059d3249e0bc93b36de45f759f2; b16db96b93b1d7cf7bea533f572091ec6bca3234fbe0a83038be772ff391a44c
crossbeam-utils,0.8.22,crate,MIT OR Apache-2.0,apps/windows/Cargo.lock; tools/sonda-r5/windows/Cargo.lock,Windows-Store-x64,https://crates.io/crates/crossbeam-utils/0.8.22,5734ed989dfca1f625b40281ee9f4530f91b2411ec01cb748223e7eb87e201ab; a60eea817514531668d7e00765731449fe14d059d3249e0bc93b36de45f759f2
crypto-common,0.1.7,crate,MIT OR Apache-2.0,Cargo.lock; apps/windows/Cargo.lock,iOS; macOS; Android-arm64; Android-armv7; Windows-Store-x64,https://crates.io/crates/crypto-common/0.1.7,3521672491a3479422d5fe1aca6645dd2984090f85da6e5205abfb18fb7a6897; a9040321c3712d8fd0b09cf52b17445de04a23a10165049ae187cd39e5c86be5
crypto-common,0.2.2,crate,MIT OR Apache-2.0,Cargo.lock; apps/windows/Cargo.lock,iOS; macOS; Android-arm64; Android-armv7; Windows-Store-x64,https://crates.io/crates/crypto-common/0.2.2,a9040321c3712d8fd0b09cf52b17445de04a23a10165049ae187cd39e5c86be5; d2e7ec5355c96eeade56b09187ceb48a6a30299da3ce7531a66d3d11405ab963
curve25519-dalek,5.0.0,crate,BSD-3-Clause,Cargo.lock; apps/windows/Cargo.lock,iOS; macOS; Android-arm64; Android-armv7; Windows-Store-x64,https://crates.io/crates/curve25519-dalek/5.0.0,403c53069750101aeb9df7e15f127056ceaf7e4e92d0b919a1f4c084afd5f1d4
curve25519-dalek-derive,0.1.1,crate,MIT/Apache-2.0,Cargo.lock; apps/windows/Cargo.lock,Windows-Store-x64,https://crates.io/crates/curve25519-dalek-derive/0.1.1,23f18e03dc49df91622fe2a76176497404e46ced8a715d9d2b67a7446571cca3; a60eea817514531668d7e00765731449fe14d059d3249e0bc93b36de45f759f2
data-encoding,2.11.1,crate,MIT,Cargo.lock; apps/windows/Cargo.lock,iOS; macOS; Android-arm64; Android-armv7; Windows-Store-x64,https://crates.io/crates/data-encoding/2.11.1,b68ad1a3367b825447089e1f8d6829b97f47a89eb78d2f4ebaef4672f5606186
datachannel,0.16.1,crate,MPL-2.0,Cargo.lock; apps/windows/Cargo.lock,iOS; macOS; Android-arm64; Android-armv7; Windows-Store-x64,https://crates.io/crates/datachannel/0.16.1,fab3dd6bdab226f1c08630b1dd917e11fcb4ec5e1e020e2c16f83a0a13863e85
datachannel-sys,0.23.0+0.23.2 (fork Quall),crate-vendorizado,MPL-2.0,Cargo.lock; apps/windows/Cargo.lock,iOS; macOS; Android-arm64; Android-armv7; Windows-Store-x64,vendor/datachannel-sys; QUALL-PATCH.md; quall.patch,fab3dd6bdab226f1c08630b1dd917e11fcb4ec5e1e020e2c16f83a0a13863e85
derive_more,2.1.1,crate,MIT,Cargo.lock; apps/windows/Cargo.lock,iOS; macOS; Android-arm64; Android-armv7; Windows-Store-x64,https://crates.io/crates/derive_more/2.1.1,8a35369f3ca263b3c62fbb5032947e53b6bfebc6c8a4d1bb982de1c069f6fba5
derive_more-impl,2.1.1,crate,MIT,Cargo.lock; apps/windows/Cargo.lock,iOS; macOS; Android-arm64; Android-armv7; Windows-Store-x64,https://crates.io/crates/derive_more-impl/2.1.1,8a35369f3ca263b3c62fbb5032947e53b6bfebc6c8a4d1bb982de1c069f6fba5
digest,0.10.7,crate,MIT OR Apache-2.0,Cargo.lock; apps/windows/Cargo.lock,iOS; macOS; Android-arm64; Android-armv7; Windows-Store-x64,https://crates.io/crates/digest/0.10.7,9e0dfd2dd4173a530e238cb6adb37aa78c34c6bc7444e0e10c1ab5d8881f63ba; a9040321c3712d8fd0b09cf52b17445de04a23a10165049ae187cd39e5c86be5
digest,0.11.3,crate,MIT OR Apache-2.0,Cargo.lock; apps/windows/Cargo.lock,iOS; macOS; Android-arm64; Android-armv7; Windows-Store-x64,https://crates.io/crates/digest/0.11.3,a9040321c3712d8fd0b09cf52b17445de04a23a10165049ae187cd39e5c86be5; af59cea35d7f5e2777a713b8d155d65efa2c339eb43f3c14e868c6ac8506edad
displaydoc,0.2.7,crate,MIT OR Apache-2.0,Cargo.lock; apps/windows/Cargo.lock,iOS; macOS; Android-arm64; Android-armv7; Windows-Store-x64,https://crates.io/crates/displaydoc/0.2.7,23f18e03dc49df91622fe2a76176497404e46ced8a715d9d2b67a7446571cca3; a60eea817514531668d7e00765731449fe14d059d3249e0bc93b36de45f759f2
either,1.18.0,crate,MIT OR Apache-2.0,Cargo.lock; apps/windows/Cargo.lock,,https://crates.io/crates/either/1.18.0,7576269ea71f767b99297934c0b2367532690f8c4badc695edf8e04ab6a1e545; a60eea817514531668d7e00765731449fe14d059d3249e0bc93b36de45f759f2
equivalent,1.0.2,crate,Apache-2.0 OR MIT,Cargo.lock,,https://crates.io/crates/equivalent/1.0.2,7365cc8878a1d7ce155a58c4ca09c3d7a6be413efa5334a80ea842912b669349; a60eea817514531668d7e00765731449fe14d059d3249e0bc93b36de45f759f2
errno,0.3.14,crate,MIT OR Apache-2.0,Cargo.lock,,https://crates.io/crates/errno/0.3.14,8764a597675778ddfd4e25f81b08a05dbcf089ac05662df7613fe67f150e3aa2; a60eea817514531668d7e00765731449fe14d059d3249e0bc93b36de45f759f2
fastrand,2.5.0,crate,Apache-2.0 OR MIT,Cargo.lock; apps/windows/Cargo.lock,iOS; macOS; Android-arm64; Android-armv7; Windows-Store-x64,https://crates.io/crates/fastrand/2.5.0,23f18e03dc49df91622fe2a76176497404e46ced8a715d9d2b67a7446571cca3; a60eea817514531668d7e00765731449fe14d059d3249e0bc93b36de45f759f2
fiat-crypto,0.3.0,crate,MIT OR Apache-2.0 OR BSD-1-Clause,Cargo.lock; apps/windows/Cargo.lock,,https://crates.io/crates/fiat-crypto/0.3.0,0034712d5e97a4f5b900a160a5c19d582b740d8e0638b4e44fd07e7b492dcd13; 0c1240e29b4a2c528bcc3ccc38a98b1dba5e3e6b465da910208935f082e2ced6; 9eacbcb81be660840c714a560a9d65ba07913db98dd4baf969f78dd499fdd60f
find-msvc-tools,0.1.11,crate,MIT OR Apache-2.0,Cargo.lock,,https://crates.io/crates/find-msvc-tools/0.1.11,378f5840b258e2779c39418f3f2d7b2ba96f1c7917dd6be0713f88305dbda397; a60eea817514531668d7e00765731449fe14d059d3249e0bc93b36de45f759f2
find-msvc-tools,0.1.14,crate,MIT OR Apache-2.0,apps/windows/Cargo.lock,,https://crates.io/crates/find-msvc-tools/0.1.14,378f5840b258e2779c39418f3f2d7b2ba96f1c7917dd6be0713f88305dbda397; a60eea817514531668d7e00765731449fe14d059d3249e0bc93b36de45f759f2
flume,0.12.0,crate,Apache-2.0/MIT,Cargo.lock; apps/windows/Cargo.lock,iOS; macOS; Android-arm64; Android-armv7; Windows-Store-x64,https://crates.io/crates/flume/0.12.0,30fefc3a7d6a0041541858293bcbea2dde4caa4c0a5802f996a7f7e8c0085652; d8621ec2eee5b9ca3c65f8492505f3590de8574fac0fdf5132a77232dba47abc
form_urlencoded,1.2.2,crate,MIT OR Apache-2.0,Cargo.lock; apps/windows/Cargo.lock,iOS; macOS; Android-arm64; Android-armv7; Windows-Store-x64,https://crates.io/crates/form_urlencoded/1.2.2,20c7855c364d57ea4c97889a5e8d98470a9952dade37bd9248b9a54431670e5e; a60eea817514531668d7e00765731449fe14d059d3249e0bc93b36de45f759f2
generic-array,0.14.7,crate,MIT,Cargo.lock; apps/windows/Cargo.lock,iOS; macOS; Android-arm64; Android-armv7; Windows-Store-x64,https://crates.io/crates/generic-array/0.14.7,c09aae9d3c77b531f56351a9947bc7446511d6b025b3255312d3e3442a9a7583
getrandom,0.3.4,crate,MIT OR Apache-2.0,Cargo.lock; apps/windows/Cargo.lock,iOS; macOS; Android-arm64; Android-armv7; Windows-Store-x64,https://crates.io/crates/getrandom/0.3.4,29e9fe5074bd27e0e5d5d110394fbbcd841baee2651a3c4b4560a632702cede4; aaff376532ea30a0cd5330b9502ad4a4c8bf769c539c87ffe78819d188a18ebf
getrandom,0.4.3,crate,MIT OR Apache-2.0,Cargo.lock; apps/windows/Cargo.lock,iOS; macOS; Android-arm64; Android-armv7; Windows-Store-x64,https://crates.io/crates/getrandom/0.4.3,523a42c25d245dde9c015f882cec7f4555aad883382a6cf19b4b7d9b2cd5419b; aaff376532ea30a0cd5330b9502ad4a4c8bf769c539c87ffe78819d188a18ebf
glob,0.3.4,crate,MIT OR Apache-2.0,Cargo.lock; apps/windows/Cargo.lock,,https://crates.io/crates/glob/0.3.4,6485b8ed310d3f0340bf1ad1f47645069ce4069dcc6bb46c7d5c6faf41de1fdb; a60eea817514531668d7e00765731449fe14d059d3249e0bc93b36de45f759f2
hashbrown,0.17.1,crate,MIT OR Apache-2.0,Cargo.lock,,https://crates.io/crates/hashbrown/0.17.1,a60eea817514531668d7e00765731449fe14d059d3249e0bc93b36de45f759f2; ff8f68cb076caf8cefe7a6430d4ac086ce6af2ca8ce2c4e5a2004d4552ef52a2
heck,0.5.0,crate,MIT OR Apache-2.0,Cargo.lock; apps/windows/Cargo.lock; tools/sonda-r5/windows/Cargo.lock,Windows-Store-x64,https://crates.io/crates/heck/0.5.0,7b63ecd5f1902af1b63729947373683c32745c16a10e8e6292e2e2dcd7e90ae0; a60eea817514531668d7e00765731449fe14d059d3249e0bc93b36de45f759f2
hkdf,0.12.4,crate,MIT OR Apache-2.0,Cargo.lock; apps/windows/Cargo.lock,iOS; macOS; Android-arm64; Android-armv7; Windows-Store-x64,https://crates.io/crates/hkdf/0.12.4,59013a5c8d3a19c26a457579105915a5d51bb0c09d579f8cdedf12e4203c3018; d288f9c9b4590446ec18c22ead8f8b5a12a3d4025b68f62dc9015063eb9cca69
hmac,0.12.1,crate,MIT OR Apache-2.0,Cargo.lock; apps/windows/Cargo.lock,iOS; macOS; Android-arm64; Android-armv7; Windows-Store-x64,https://crates.io/crates/hmac/0.12.1,9e0dfd2dd4173a530e238cb6adb37aa78c34c6bc7444e0e10c1ab5d8881f63ba; a9040321c3712d8fd0b09cf52b17445de04a23a10165049ae187cd39e5c86be5
http,1.5.0,crate,MIT OR Apache-2.0,Cargo.lock; apps/windows/Cargo.lock,iOS; macOS; Android-arm64; Android-armv7; Windows-Store-x64,https://crates.io/crates/http/1.5.0,8bb1b50b0e5c9399ae33bd35fab2769010fa6c14e8860c729a52295d84896b7a; dc91f8200e4b2a1f9261035d4c18c33c246911a6c0f7b543d75347e61b249cff
httparse,1.10.1,crate,MIT OR Apache-2.0,Cargo.lock; apps/windows/Cargo.lock,iOS; macOS; Android-arm64; Android-armv7; Windows-Store-x64,https://crates.io/crates/httparse/1.10.1,391a5396cec6230bfabd4ef4eb2350eb895bc5efce377a2218f5702ed020d3e3; a60eea817514531668d7e00765731449fe14d059d3249e0bc93b36de45f759f2
hybrid-array,0.4.14,crate,MIT OR Apache-2.0,Cargo.lock,iOS; macOS; Android-arm64; Android-armv7,https://crates.io/crates/hybrid-array/0.4.14,70c9d40f1f9545c3f133b8a67206e89da850f6468eed072281bb3701514114a9; a9040321c3712d8fd0b09cf52b17445de04a23a10165049ae187cd39e5c86be5
hybrid-array,0.4.15,crate,MIT OR Apache-2.0,apps/windows/Cargo.lock,Windows-Store-x64,https://crates.io/crates/hybrid-array/0.4.15,70c9d40f1f9545c3f133b8a67206e89da850f6468eed072281bb3701514114a9; a9040321c3712d8fd0b09cf52b17445de04a23a10165049ae187cd39e5c86be5
icu_collections,2.3.0,crate,Unicode-3.0,Cargo.lock; apps/windows/Cargo.lock,iOS; macOS; Android-arm64; Android-armv7; Windows-Store-x64,https://crates.io/crates/icu_collections/2.3.0,f367c1b8e1aa262435251e442901da4607b4650e0e63a026f5044473ecfb90f2
icu_locale_core,2.3.0,crate,Unicode-3.0,Cargo.lock; apps/windows/Cargo.lock,iOS; macOS; Android-arm64; Android-armv7; Windows-Store-x64,https://crates.io/crates/icu_locale_core/2.3.0,f367c1b8e1aa262435251e442901da4607b4650e0e63a026f5044473ecfb90f2
icu_normalizer,2.3.0,crate,Unicode-3.0,Cargo.lock; apps/windows/Cargo.lock,iOS; macOS; Android-arm64; Android-armv7; Windows-Store-x64,https://crates.io/crates/icu_normalizer/2.3.0,f367c1b8e1aa262435251e442901da4607b4650e0e63a026f5044473ecfb90f2
icu_normalizer_data,2.3.0,crate,Unicode-3.0,Cargo.lock; apps/windows/Cargo.lock,iOS; macOS; Android-arm64; Android-armv7; Windows-Store-x64,https://crates.io/crates/icu_normalizer_data/2.3.0,f367c1b8e1aa262435251e442901da4607b4650e0e63a026f5044473ecfb90f2
icu_properties,2.3.0,crate,Unicode-3.0,Cargo.lock; apps/windows/Cargo.lock,iOS; macOS; Android-arm64; Android-armv7; Windows-Store-x64,https://crates.io/crates/icu_properties/2.3.0,f367c1b8e1aa262435251e442901da4607b4650e0e63a026f5044473ecfb90f2
icu_properties_data,2.3.0,crate,Unicode-3.0,Cargo.lock; apps/windows/Cargo.lock,iOS; macOS; Android-arm64; Android-armv7; Windows-Store-x64,https://crates.io/crates/icu_properties_data/2.3.0,f367c1b8e1aa262435251e442901da4607b4650e0e63a026f5044473ecfb90f2
icu_provider,2.3.1,crate,Unicode-3.0,Cargo.lock; apps/windows/Cargo.lock,iOS; macOS; Android-arm64; Android-armv7; Windows-Store-x64,https://crates.io/crates/icu_provider/2.3.1,f367c1b8e1aa262435251e442901da4607b4650e0e63a026f5044473ecfb90f2
idna,1.1.0,crate,MIT OR Apache-2.0,Cargo.lock; apps/windows/Cargo.lock,iOS; macOS; Android-arm64; Android-armv7; Windows-Store-x64,https://crates.io/crates/idna/1.1.0,a60eea817514531668d7e00765731449fe14d059d3249e0bc93b36de45f759f2; b38f11f6096706e6de553dabe2a7ed142d59b6fa8c97e290c67496154745cdd5
idna_adapter,1.2.2,crate,Apache-2.0 OR MIT,Cargo.lock; apps/windows/Cargo.lock,iOS; macOS; Android-arm64; Android-armv7; Windows-Store-x64,https://crates.io/crates/idna_adapter/1.2.2,8b43ce8accd61e9d370b5ca9e9c4f953279b5c239926c62315b40e24df51b726; a60eea817514531668d7e00765731449fe14d059d3249e0bc93b36de45f759f2
if-addrs,0.15.0,crate,MIT OR BSD-3-Clause,Cargo.lock; apps/windows/Cargo.lock,iOS; macOS; Android-arm64; Android-armv7; Windows-Store-x64,https://crates.io/crates/if-addrs/0.15.0,3990ddb78a5a2cfd64a5ffe5cebc3306f3298f6880c644afdf15043ef7d702d9; 588713c78138d7d6985b87275724f7047949a71a007b16b352d7745499976f7f
indexmap,2.14.0,crate,Apache-2.0 OR MIT,Cargo.lock,,https://crates.io/crates/indexmap/2.14.0,a60eea817514531668d7e00765731449fe14d059d3249e0bc93b36de45f759f2; ecc269ef87fd38a1d98e30bfac9ba964a9dbd9315c3770fed98d4d7cb5882055
is_terminal_polyfill,1.70.2,crate,MIT OR Apache-2.0,Cargo.lock; apps/windows/Cargo.lock; tools/sonda-r5/windows/Cargo.lock,Windows-Store-x64,https://crates.io/crates/is_terminal_polyfill/1.70.2,6efb0476a1cc085077ed49357026d8c173bf33017278ef440f222fb9cbcb66e6; c6596eb7be8581c18be736c846fb9173b69eccf6ef94c5135893ec56bd92ba08
itertools,0.13.0,crate,MIT OR Apache-2.0,Cargo.lock; apps/windows/Cargo.lock,,https://crates.io/crates/itertools/0.13.0,7576269ea71f767b99297934c0b2367532690f8c4badc695edf8e04ab6a1e545; a60eea817514531668d7e00765731449fe14d059d3249e0bc93b36de45f759f2
itoa,1.0.18,crate,MIT OR Apache-2.0,Cargo.lock; apps/windows/Cargo.lock; tools/sonda-r5/windows/Cargo.lock,iOS; macOS; Android-arm64; Android-armv7; Windows-Store-x64,https://crates.io/crates/itoa/1.0.18,23f18e03dc49df91622fe2a76176497404e46ced8a715d9d2b67a7446571cca3; 62c7a1e35f56406896d7aa7ca52d0cc0d272ac022b5d2796e7d6905db8a3636a
junit:junit,4.13.2,android-build,EPL-1.0,,,https://repo.maven.apache.org/maven2/junit/junit/4.13.2/junit-4.13.2.pom,9648bb2891b9813970bddb68d4be8a5e6ec8280d0180a53dfb29236b579c55bb
libc,0.2.189,crate,MIT OR Apache-2.0,Cargo.lock,iOS; macOS; Android-arm64; Android-armv7,https://crates.io/crates/libc/0.2.189,123a331b5dbf04c30097fa43b8f858bc85df671fe776de498d01f3d6b7c1f69e; 62c7a1e35f56406896d7aa7ca52d0cc0d272ac022b5d2796e7d6905db8a3636a
libc,0.2.190,crate,MIT OR Apache-2.0,apps/windows/Cargo.lock,,https://crates.io/crates/libc/0.2.190,123a331b5dbf04c30097fa43b8f858bc85df671fe776de498d01f3d6b7c1f69e; 62c7a1e35f56406896d7aa7ca52d0cc0d272ac022b5d2796e7d6905db8a3636a
libdatachannel,0.23.2 + patch Quall,nativo,MPL-2.0,,,vendor/datachannel-sys/libdatachannel/LICENSE,fab3dd6bdab226f1c08630b1dd917e11fcb4ec5e1e020e2c16f83a0a13863e85
libjuice,1.6.1,nativo,MPL-2.0,,,vendor/datachannel-sys/libdatachannel/deps/libjuice/LICENSE,fab3dd6bdab226f1c08630b1dd917e11fcb4ec5e1e020e2c16f83a0a13863e85
libjuice:picohash,snapshot em libjuice 1.6.1,nativo,"Domínio público, declaração por arquivo",,,vendor/datachannel-sys/libdatachannel/deps/libjuice/src/picohash.h,c0ae9e2d0f9c4c85482ffb72194746208c19fcf129535ca74148aa62d9db70df
libloading,0.8.9,crate,ISC,Cargo.lock; apps/windows/Cargo.lock,,https://crates.io/crates/libloading/0.8.9,b29f8b01452350c20dd1af16ef83b598fea3053578ccc1c7a0ef40e57be2620f
libobs (plugin OBS),32.2.2,nativo,GPL-2.0-or-later,,,plugins/obs/.libobs/obs-studio/COPYING,8177f97513213526df2cf6184d8ff986c675afb514d4e68a404010521b880643
libopus,1.5.2 (fonte podado),nativo,BSD-3-Clause e avisos por arquivo,,,crates/quall-opus/vendor/opus/COPYING,01e1167d54a096d123cf6dfbbeb19587278845c6481d2d66d545669846079551; 0aadcc67303e5f78504378be9bcb4c63d609b557bad2fe6ca56d2247c7206e0e; 2863d8bbd8ea127c2df441f2a893833b1e86d317d58aa2d35b49452eb49ac7b1; 2892b61ffb73fac5b2bb9c6e7796cbc0188b26a2c2e23c8934b8e417d1b7aa65; 442986261047762add5186a1d6238e7fc7e65e487b464bb1d67de3031d3d8001; 6062565ca592c20c59a6bbbed4fc23c0f9b1cd0c07d3b3ee1e054d11ff8d5502; 710934a4703fd7c0ce0b5d292549cc42443a1df5ee6900d5673713364dcd3d76; 75df9fb747b1d2a78ec4e8e9aded31884d93eb35ff63d99bf22e00e3546c29f8; 8df8814cd441976c8d78c6775a5b24c582c4a6e28f9aaab129b794f02a17d83a; 93bfd507d4efe7125d9c35ec46cf3ff4f67604309e2fe9ca4d2c17448f1d7552
libsrtp,2.7.0,nativo,BSD-3-Clause,,,vendor/datachannel-sys/libdatachannel/deps/libsrtp/LICENSE,2ce9991ed5ac1fc9e0aa225d8ca44711d1e00b168dcfbad8906e085d12c54527; 2efe6c6c428eb77ef6b2691ac78abf70973b7c299d4a8e3340555458b3578231; 32b24c7adfebfcb5ff9c0b13a174f4c2ca7ba5a3622076b58b8cad411ae9e279; 4deb5001be53804c159e86d8173fd5cf519304f706bde4d774ca750853659649; 7c5c1e21250db839cc304b38e5a67ef463cc009a78fcbec85318d5c8488eb1d8; 7f09d820ae19a7792203c1d0ff67df0de63dbb9543276d90fd9b71b4cc03ade2; 7f458e177a9fc91d63566434e377c062875125c95e461a8e91e7176383e4ecc6; 8e19d42a1eec9561f3f347253ddf2e385c55f392f025bb0fd41b88dbf38db5ae; b0c4e8797b4f79c6c789df8c8827a7a25ccdab953679096835347c9ef7ecd7b0; e989ec514a1b571f158b975e8720c1dd252f752f2a17d4b2f430d64780d8d23d; fe609b0832dba38985504a89e6b7f479a45f103a89234f4939321b374a2cb5af
linux-raw-sys,0.12.1,crate,Apache-2.0 WITH LLVM-exception OR Apache-2.0 OR MIT,Cargo.lock,,https://crates.io/crates/linux-raw-sys/0.12.1,23f18e03dc49df91622fe2a76176497404e46ced8a715d9d2b67a7446571cca3; 268872b9816f90fd8e85db5a28d33f8150ebb8dd016653fb39ef1f94f2686bc5; a60eea817514531668d7e00765731449fe14d059d3249e0bc93b36de45f759f2
litemap,0.8.3,crate,Unicode-3.0,Cargo.lock; apps/windows/Cargo.lock,iOS; macOS; Android-arm64; Android-armv7; Windows-Store-x64,https://crates.io/crates/litemap/0.8.3,f367c1b8e1aa262435251e442901da4607b4650e0e63a026f5044473ecfb90f2
lock_api,0.4.14,crate,MIT OR Apache-2.0,Cargo.lock; apps/windows/Cargo.lock,iOS; macOS; Android-arm64; Android-armv7; Windows-Store-x64,https://crates.io/crates/lock_api/0.4.14,a60eea817514531668d7e00765731449fe14d059d3249e0bc93b36de45f759f2; c9a75f18b9ab2927829a208fc6aa2cf4e63b8420887ba29cdb265d6619ae82d5
log,0.4.33,crate,MIT OR Apache-2.0,Cargo.lock,iOS; macOS; Android-arm64; Android-armv7,https://crates.io/crates/log/0.4.33,6485b8ed310d3f0340bf1ad1f47645069ce4069dcc6bb46c7d5c6faf41de1fdb; a60eea817514531668d7e00765731449fe14d059d3249e0bc93b36de45f759f2
log,0.4.34,crate,MIT OR Apache-2.0,apps/windows/Cargo.lock,Windows-Store-x64,https://crates.io/crates/log/0.4.34,6485b8ed310d3f0340bf1ad1f47645069ce4069dcc6bb46c7d5c6faf41de1fdb; a60eea817514531668d7e00765731449fe14d059d3249e0bc93b36de45f759f2
mdns-sd,0.21.0,crate,Apache-2.0 OR MIT,Cargo.lock,iOS; macOS; Android-arm64; Android-armv7,https://crates.io/crates/mdns-sd/0.21.0,1118360170ac75117538c65db992cfec5d0ffa28a6b990e46ab45602b638c8fd; cf0547f95d22b91b11540bc053d4973ad8beed39f98b614254c074ca4ed6b6af
mdns-sd,0.21.4,crate,Apache-2.0 OR MIT,apps/windows/Cargo.lock,Windows-Store-x64,https://crates.io/crates/mdns-sd/0.21.4,1118360170ac75117538c65db992cfec5d0ffa28a6b990e46ab45602b638c8fd; cf0547f95d22b91b11540bc053d4973ad8beed39f98b614254c074ca4ed6b6af
memchr,2.8.3,crate,Unlicense OR MIT,Cargo.lock; apps/windows/Cargo.lock; tools/sonda-r5/windows/Cargo.lock,iOS; macOS; Android-arm64; Android-armv7; Windows-Store-x64,https://crates.io/crates/memchr/2.8.3,01c266bced4a434da0051174d6bee16a4c82cf634e2679b6155d40d75012390f; 0f96a83840e146e43c0ec96a22ec1f392e0680e6c1226e6f3ba87e0740af850f
minimal-lexical,0.2.1,crate,MIT/Apache-2.0,Cargo.lock; apps/windows/Cargo.lock,,https://crates.io/crates/minimal-lexical/0.2.1,23f18e03dc49df91622fe2a76176497404e46ced8a715d9d2b67a7446571cca3; 8173d5c29b4f956d532781d2b86e4e30f83e6b7878dce18c919451d6ba707c90; dbe1fff0fb1314b6af94f161511406275cf01c5a32441fbf24528a57a051d599
mio,1.2.2,crate,MIT,Cargo.lock,iOS; macOS; Android-arm64; Android-armv7,https://crates.io/crates/mio/1.2.2,07919255c7e04793d8ea760d6c2ce32d19f9ff02bdbdde3ce90b1e1880929a9b
mio,1.2.3,crate,MIT,apps/windows/Cargo.lock,Windows-Store-x64,https://crates.io/crates/mio/1.2.3,07919255c7e04793d8ea760d6c2ce32d19f9ff02bdbdde3ce90b1e1880929a9b
nom,7.1.3,crate,MIT,Cargo.lock; apps/windows/Cargo.lock,,https://crates.io/crates/nom/7.1.3,4dbda04344456f09a7a588140455413a9ac59b6b26a1ef7cdf9c800c012d87f0
once_cell,1.21.4,crate,MIT OR Apache-2.0,Cargo.lock; apps/windows/Cargo.lock,,https://crates.io/crates/once_cell/1.21.4,23f18e03dc49df91622fe2a76176497404e46ced8a715d9d2b67a7446571cca3; a60eea817514531668d7e00765731449fe14d059d3249e0bc93b36de45f759f2
once_cell_polyfill,1.70.2,crate,MIT OR Apache-2.0,Cargo.lock; apps/windows/Cargo.lock; tools/sonda-r5/windows/Cargo.lock,Windows-Store-x64,https://crates.io/crates/once_cell_polyfill/1.70.2,6efb0476a1cc085077ed49357026d8c173bf33017278ef440f222fb9cbcb66e6; c6596eb7be8581c18be736c846fb9173b69eccf6ef94c5135893ec56bd92ba08
openssl-src,300.6.1+3.6.3,crate,MIT/Apache-2.0,Cargo.lock; apps/windows/Cargo.lock,,https://crates.io/crates/openssl-src/300.6.1+3.6.3,378f5840b258e2779c39418f3f2d7b2ba96f1c7917dd6be0713f88305dbda397; a60eea817514531668d7e00765731449fe14d059d3249e0bc93b36de45f759f2
org.hamcrest:hamcrest-core,1.3,android-build,BSD-3-Clause,,,https://repo.maven.apache.org/maven2/org/hamcrest/hamcrest-core/1.3/hamcrest-core-1.3.pom,1cde867cab5c8e842929da5391cef98b4017314822270e934e8e2eef3767c666
org.jetbrains.kotlin:kotlin-bom,1.8.22,android-build,Apache-2.0,,,https://repo.maven.apache.org/maven2/org/jetbrains/kotlin/kotlin-bom/1.8.22/kotlin-bom-1.8.22.pom,cfc7749b96f63bd31c3c42b5c471bf756814053e847c10f3eb003417bc523d30
org.jetbrains.kotlin:kotlin-stdlib,2.0.21,android-runtime,Apache-2.0,,,https://repo.maven.apache.org/maven2/org/jetbrains/kotlin/kotlin-stdlib/2.0.21/kotlin-stdlib-2.0.21.pom,cfc7749b96f63bd31c3c42b5c471bf756814053e847c10f3eb003417bc523d30
org.jetbrains.kotlin:kotlin-stdlib-common,2.0.21,android-build,Apache-2.0,,,https://repo.maven.apache.org/maven2/org/jetbrains/kotlin/kotlin-stdlib-common/2.0.21/kotlin-stdlib-common-2.0.21.pom,cfc7749b96f63bd31c3c42b5c471bf756814053e847c10f3eb003417bc523d30
org.jetbrains.kotlin:kotlin-stdlib-jdk7,1.8.22,android-runtime,Apache-2.0,,,https://repo.maven.apache.org/maven2/org/jetbrains/kotlin/kotlin-stdlib-jdk7/1.8.22/kotlin-stdlib-jdk7-1.8.22.pom,cfc7749b96f63bd31c3c42b5c471bf756814053e847c10f3eb003417bc523d30
org.jetbrains.kotlin:kotlin-stdlib-jdk8,1.8.22,android-runtime,Apache-2.0,,,https://repo.maven.apache.org/maven2/org/jetbrains/kotlin/kotlin-stdlib-jdk8/1.8.22/kotlin-stdlib-jdk8-1.8.22.pom,cfc7749b96f63bd31c3c42b5c471bf756814053e847c10f3eb003417bc523d30
org.jetbrains.kotlinx:kotlinx-coroutines-android,1.7.3,android-runtime,Apache-2.0,,,https://repo.maven.apache.org/maven2/org/jetbrains/kotlinx/kotlinx-coroutines-android/1.7.3/kotlinx-coroutines-android-1.7.3.pom,cfc7749b96f63bd31c3c42b5c471bf756814053e847c10f3eb003417bc523d30
org.jetbrains.kotlinx:kotlinx-coroutines-bom,1.7.3,android-build,Apache-2.0,,,https://repo.maven.apache.org/maven2/org/jetbrains/kotlinx/kotlinx-coroutines-bom/1.7.3/kotlinx-coroutines-bom-1.7.3.pom,cfc7749b96f63bd31c3c42b5c471bf756814053e847c10f3eb003417bc523d30
org.jetbrains.kotlinx:kotlinx-coroutines-core,1.7.3,android-build,Apache-2.0,,,https://repo.maven.apache.org/maven2/org/jetbrains/kotlinx/kotlinx-coroutines-core/1.7.3/kotlinx-coroutines-core-1.7.3.pom,cfc7749b96f63bd31c3c42b5c471bf756814053e847c10f3eb003417bc523d30
org.jetbrains.kotlinx:kotlinx-coroutines-core-jvm,1.7.3,android-runtime,Apache-2.0,,,https://repo.maven.apache.org/maven2/org/jetbrains/kotlinx/kotlinx-coroutines-core-jvm/1.7.3/kotlinx-coroutines-core-jvm-1.7.3.pom,cfc7749b96f63bd31c3c42b5c471bf756814053e847c10f3eb003417bc523d30
org.jetbrains:annotations,23.0.0,android-runtime,Apache-2.0,,,https://repo.maven.apache.org/maven2/org/jetbrains/annotations/23.0.0/annotations-23.0.0.pom,cfc7749b96f63bd31c3c42b5c471bf756814053e847c10f3eb003417bc523d30
parking_lot,0.12.5,crate,MIT OR Apache-2.0,Cargo.lock; apps/windows/Cargo.lock,iOS; macOS; Android-arm64; Android-armv7; Windows-Store-x64,https://crates.io/crates/parking_lot/0.12.5,a60eea817514531668d7e00765731449fe14d059d3249e0bc93b36de45f759f2; c9a75f18b9ab2927829a208fc6aa2cf4e63b8420887ba29cdb265d6619ae82d5
parking_lot_core,0.9.12,crate,MIT OR Apache-2.0,Cargo.lock; apps/windows/Cargo.lock,iOS; macOS; Android-arm64; Android-armv7; Windows-Store-x64,https://crates.io/crates/parking_lot_core/0.9.12,a60eea817514531668d7e00765731449fe14d059d3249e0bc93b36de45f759f2; c9a75f18b9ab2927829a208fc6aa2cf4e63b8420887ba29cdb265d6619ae82d5
percent-encoding,2.3.2,crate,MIT OR Apache-2.0,Cargo.lock; apps/windows/Cargo.lock,iOS; macOS; Android-arm64; Android-armv7; Windows-Store-x64,https://crates.io/crates/percent-encoding/2.3.2,a60eea817514531668d7e00765731449fe14d059d3249e0bc93b36de45f759f2; b38f11f6096706e6de553dabe2a7ed142d59b6fa8c97e290c67496154745cdd5
plog,1.1.10,nativo,MIT,,,vendor/datachannel-sys/libdatachannel/deps/plog/LICENSE,e4d01796524cbc13b1571a1f0914823c6a23b316ba039e7014f47a4eef7fd4c3
potential_utf,0.1.6,crate,Unicode-3.0,Cargo.lock; apps/windows/Cargo.lock,iOS; macOS; Android-arm64; Android-armv7; Windows-Store-x64,https://crates.io/crates/potential_utf/0.1.6,f367c1b8e1aa262435251e442901da4607b4650e0e63a026f5044473ecfb90f2
prettyplease,0.2.37,crate,MIT OR Apache-2.0,Cargo.lock; apps/windows/Cargo.lock,,https://crates.io/crates/prettyplease/0.2.37,23f18e03dc49df91622fe2a76176497404e46ced8a715d9d2b67a7446571cca3; 62c7a1e35f56406896d7aa7ca52d0cc0d272ac022b5d2796e7d6905db8a3636a
proc-macro2,1.0.107,crate,MIT OR Apache-2.0,Cargo.lock; apps/windows/Cargo.lock; tools/sonda-r5/windows/Cargo.lock,iOS; macOS; Android-arm64; Android-armv7; Windows-Store-x64,https://crates.io/crates/proc-macro2/1.0.107,23f18e03dc49df91622fe2a76176497404e46ced8a715d9d2b67a7446571cca3; 62c7a1e35f56406896d7aa7ca52d0cc0d272ac022b5d2796e7d6905db8a3636a
quote,1.0.47,crate,MIT OR Apache-2.0,Cargo.lock; apps/windows/Cargo.lock; tools/sonda-r5/windows/Cargo.lock,iOS; macOS; Android-arm64; Android-armv7; Windows-Store-x64,https://crates.io/crates/quote/1.0.47,23f18e03dc49df91622fe2a76176497404e46ced8a715d9d2b67a7446571cca3; 62c7a1e35f56406896d7aa7ca52d0cc0d272ac022b5d2796e7d6905db8a3636a
r-efi,5.3.0,crate,MIT OR Apache-2.0 OR LGPL-2.1-or-later,Cargo.lock; apps/windows/Cargo.lock,,https://crates.io/crates/r-efi/5.3.0,7d5450cb2d142651b8afa315b5f238efc805dad827d91ba367d8516bc9d49e7a
r-efi,6.0.0,crate,MIT OR Apache-2.0 OR LGPL-2.1-or-later,Cargo.lock; apps/windows/Cargo.lock,,https://crates.io/crates/r-efi/6.0.0,7d5450cb2d142651b8afa315b5f238efc805dad827d91ba367d8516bc9d49e7a
rand,0.10.2,crate,MIT OR Apache-2.0,Cargo.lock,iOS; macOS; Android-arm64; Android-armv7,https://crates.io/crates/rand/0.10.2,209fbbe0ad52d9235e37badf9cadfe4dbdc87203179c0899e738b39ade42177b; 35242e7a83f69875e6edeff02291e688c97caafe2f8902e4e19b49d3e78b4cab
rand,0.10.3,crate,MIT OR Apache-2.0,apps/windows/Cargo.lock,Windows-Store-x64,https://crates.io/crates/rand/0.10.3,209fbbe0ad52d9235e37badf9cadfe4dbdc87203179c0899e738b39ade42177b; 35242e7a83f69875e6edeff02291e688c97caafe2f8902e4e19b49d3e78b4cab
rand_core,0.10.1,crate,MIT OR Apache-2.0,Cargo.lock; apps/windows/Cargo.lock,iOS; macOS; Android-arm64; Android-armv7; Windows-Store-x64,https://crates.io/crates/rand_core/0.10.1,6df43f6f4b5d4587f3d8d71e45532c688fd168afa5fe89d571cb32fa09c4ef51; 8b6e9feec03e7c9a5facb26855cecd31662bf989b636bcfe79521bdf8ac863f0
redox_syscall,0.5.18,crate,MIT,Cargo.lock; apps/windows/Cargo.lock,,https://crates.io/crates/redox_syscall/0.5.18,efcfee7981ff72431fffb06925cad00a23dce079ed4354f61030ad5abdb78829
regex,1.13.1,crate,MIT OR Apache-2.0,Cargo.lock; apps/windows/Cargo.lock,,https://crates.io/crates/regex/1.13.1,6485b8ed310d3f0340bf1ad1f47645069ce4069dcc6bb46c7d5c6faf41de1fdb; a60eea817514531668d7e00765731449fe14d059d3249e0bc93b36de45f759f2
regex-automata,0.4.18,crate,MIT OR Apache-2.0,Cargo.lock; apps/windows/Cargo.lock,,https://crates.io/crates/regex-automata/0.4.18,6485b8ed310d3f0340bf1ad1f47645069ce4069dcc6bb46c7d5c6faf41de1fdb; a60eea817514531668d7e00765731449fe14d059d3249e0bc93b36de45f759f2
regex-syntax,0.8.11,crate,MIT OR Apache-2.0,Cargo.lock; apps/windows/Cargo.lock,,https://crates.io/crates/regex-syntax/0.8.11,6485b8ed310d3f0340bf1ad1f47645069ce4069dcc6bb46c7d5c6faf41de1fdb; a60eea817514531668d7e00765731449fe14d059d3249e0bc93b36de45f759f2
rustc-hash,2.1.3,crate,Apache-2.0 OR MIT,Cargo.lock; apps/windows/Cargo.lock,,https://crates.io/crates/rustc-hash/2.1.3,30fefc3a7d6a0041541858293bcbea2dde4caa4c0a5802f996a7f7e8c0085652; 95bd3988beee069fa2848f648dab43cc6e0b2add2ad6bcb17360caf749802bcc
rustc_version,0.4.1,crate,MIT OR Apache-2.0,Cargo.lock; apps/windows/Cargo.lock,,https://crates.io/crates/rustc_version/0.4.1,a60eea817514531668d7e00765731449fe14d059d3249e0bc93b36de45f759f2; c9a75f18b9ab2927829a208fc6aa2cf4e63b8420887ba29cdb265d6619ae82d5
rustix,1.1.4,crate,Apache-2.0 WITH LLVM-exception OR Apache-2.0 OR MIT,Cargo.lock,,https://crates.io/crates/rustix/1.1.4,23f18e03dc49df91622fe2a76176497404e46ced8a715d9d2b67a7446571cca3; 268872b9816f90fd8e85db5a28d33f8150ebb8dd016653fb39ef1f94f2686bc5; a60eea817514531668d7e00765731449fe14d059d3249e0bc93b36de45f759f2
scopeguard,1.2.0,crate,MIT OR Apache-2.0,Cargo.lock; apps/windows/Cargo.lock,iOS; macOS; Android-arm64; Android-armv7; Windows-Store-x64,https://crates.io/crates/scopeguard/1.2.0,a60eea817514531668d7e00765731449fe14d059d3249e0bc93b36de45f759f2; fb77f0a9c53e473abe5103c8632ef9f0f2874d4fb3f17cb2d8c661aab9cee9d7
semver,1.0.28,crate,MIT OR Apache-2.0,Cargo.lock; apps/windows/Cargo.lock,,https://crates.io/crates/semver/1.0.28,23f18e03dc49df91622fe2a76176497404e46ced8a715d9d2b67a7446571cca3; 62c7a1e35f56406896d7aa7ca52d0cc0d272ac022b5d2796e7d6905db8a3636a
serde,1.0.229,crate,MIT OR Apache-2.0,Cargo.lock; apps/windows/Cargo.lock; tools/sonda-r5/windows/Cargo.lock,iOS; macOS; Android-arm64; Android-armv7; Windows-Store-x64,https://crates.io/crates/serde/1.0.229,23f18e03dc49df91622fe2a76176497404e46ced8a715d9d2b67a7446571cca3; 62c7a1e35f56406896d7aa7ca52d0cc0d272ac022b5d2796e7d6905db8a3636a
serde_core,1.0.229,crate,MIT OR Apache-2.0,Cargo.lock; apps/windows/Cargo.lock; tools/sonda-r5/windows/Cargo.lock,iOS; macOS; Android-arm64; Android-armv7; Windows-Store-x64,https://crates.io/crates/serde_core/1.0.229,23f18e03dc49df91622fe2a76176497404e46ced8a715d9d2b67a7446571cca3; 62c7a1e35f56406896d7aa7ca52d0cc0d272ac022b5d2796e7d6905db8a3636a
serde_derive,1.0.229,crate,MIT OR Apache-2.0,Cargo.lock; apps/windows/Cargo.lock; tools/sonda-r5/windows/Cargo.lock,iOS; macOS; Android-arm64; Android-armv7; Windows-Store-x64,https://crates.io/crates/serde_derive/1.0.229,23f18e03dc49df91622fe2a76176497404e46ced8a715d9d2b67a7446571cca3; 62c7a1e35f56406896d7aa7ca52d0cc0d272ac022b5d2796e7d6905db8a3636a
serde_json,1.0.151,crate,MIT OR Apache-2.0,Cargo.lock; apps/windows/Cargo.lock; tools/sonda-r5/windows/Cargo.lock,iOS; macOS; Android-arm64; Android-armv7; Windows-Store-x64,https://crates.io/crates/serde_json/1.0.151,23f18e03dc49df91622fe2a76176497404e46ced8a715d9d2b67a7446571cca3; 62c7a1e35f56406896d7aa7ca52d0cc0d272ac022b5d2796e7d6905db8a3636a
serde_spanned,1.1.1,crate,MIT OR Apache-2.0,Cargo.lock,,https://crates.io/crates/serde_spanned/1.1.1,6efb0476a1cc085077ed49357026d8c173bf33017278ef440f222fb9cbcb66e6; c6596eb7be8581c18be736c846fb9173b69eccf6ef94c5135893ec56bd92ba08
sha1,0.11.0,crate,MIT OR Apache-2.0,Cargo.lock; apps/windows/Cargo.lock,iOS; macOS; Android-arm64; Android-armv7; Windows-Store-x64,https://crates.io/crates/sha1/0.11.0,831e0f43ad0bf014c1c4fec5767aae470434c1d66d6e671be2d823e729063e25; a9040321c3712d8fd0b09cf52b17445de04a23a10165049ae187cd39e5c86be5
sha2,0.10.9,crate,MIT OR Apache-2.0,Cargo.lock; apps/windows/Cargo.lock,iOS; macOS; Android-arm64; Android-armv7; Windows-Store-x64,https://crates.io/crates/sha2/0.10.9,a9040321c3712d8fd0b09cf52b17445de04a23a10165049ae187cd39e5c86be5; b4eb00df6e2a4d22518fcaa6a2b4646f249b3a3c9814509b22bd2091f1392ff1
shlex,1.3.0,crate,MIT OR Apache-2.0,Cargo.lock; apps/windows/Cargo.lock,,https://crates.io/crates/shlex/1.3.0,4455bf75a91154108304cb283e0fea9948c14f13e20d60887cf2552449dea3b1; 553fffcd9b1cb158bc3e9edc35da85ca5c3b3d7d2e61c883ebcfa8a65814b583
shlex,2.0.1,crate,MIT OR Apache-2.0,Cargo.lock; apps/windows/Cargo.lock,,https://crates.io/crates/shlex/2.0.1,4455bf75a91154108304cb283e0fea9948c14f13e20d60887cf2552449dea3b1; 553fffcd9b1cb158bc3e9edc35da85ca5c3b3d7d2e61c883ebcfa8a65814b583
smallvec,1.15.2,crate,MIT OR Apache-2.0,Cargo.lock,iOS; macOS; Android-arm64; Android-armv7,https://crates.io/crates/smallvec/1.15.2,0b28172679e0009b655da42797c03fd163a3379d5cfa67ba1f1655e974a2a1a9; a60eea817514531668d7e00765731449fe14d059d3249e0bc93b36de45f759f2
smallvec,1.16.2,crate,MIT OR Apache-2.0,apps/windows/Cargo.lock,Windows-Store-x64,https://crates.io/crates/smallvec/1.16.2,0b28172679e0009b655da42797c03fd163a3379d5cfa67ba1f1655e974a2a1a9; a60eea817514531668d7e00765731449fe14d059d3249e0bc93b36de45f759f2
socket-pktinfo,0.4.1,crate,MIT,Cargo.lock; apps/windows/Cargo.lock,iOS; macOS; Android-arm64; Android-armv7; Windows-Store-x64,https://crates.io/crates/socket-pktinfo/0.4.1,1ea20122ffdda9e68f47eb121b811011757f332d41d97f610ea91c598beff733
socket2,0.6.5,crate,MIT OR Apache-2.0,Cargo.lock; apps/windows/Cargo.lock,iOS; macOS; Android-arm64; Android-armv7; Windows-Store-x64,https://crates.io/crates/socket2/0.6.5,378f5840b258e2779c39418f3f2d7b2ba96f1c7917dd6be0713f88305dbda397; a60eea817514531668d7e00765731449fe14d059d3249e0bc93b36de45f759f2
spin,0.9.9,crate,MIT,Cargo.lock; apps/windows/Cargo.lock,iOS; macOS; Android-arm64; Android-armv7; Windows-Store-x64,https://crates.io/crates/spin/0.9.9,6ac8711fb340c62ce0a4ecd463342d3fa0e8e70de697c863a2e1c0c53006003c
stable_deref_trait,1.2.1,crate,MIT OR Apache-2.0,Cargo.lock; apps/windows/Cargo.lock,iOS; macOS; Android-arm64; Android-armv7; Windows-Store-x64,https://crates.io/crates/stable_deref_trait/1.2.1,5e05b024f653a5ce199e77cbbbd42fb5553562ec714b819421ed0c3e552a75d7; a60eea817514531668d7e00765731449fe14d059d3249e0bc93b36de45f759f2
strsim,0.11.1,crate,MIT,Cargo.lock; apps/windows/Cargo.lock; tools/sonda-r5/windows/Cargo.lock,Windows-Store-x64,https://crates.io/crates/strsim/0.11.1,1e697ce8d21401fbf1bddd9b5c3fd4c4c79ae1e3bdf51f81761c85e11d5a89cd
subtle,2.6.1,crate,BSD-3-Clause,Cargo.lock; apps/windows/Cargo.lock,iOS; macOS; Android-arm64; Android-armv7; Windows-Store-x64,https://crates.io/crates/subtle/2.6.1,d1fc1bc0d155df60b2e7705b6b2ae02a05c96f948e1cec6e2fb86360b09f346b
syn,2.0.119,crate,MIT OR Apache-2.0,Cargo.lock; apps/windows/Cargo.lock; tools/sonda-r5/windows/Cargo.lock,iOS; macOS; Android-arm64; Android-armv7; Windows-Store-x64,https://crates.io/crates/syn/2.0.119,23f18e03dc49df91622fe2a76176497404e46ced8a715d9d2b67a7446571cca3; 62c7a1e35f56406896d7aa7ca52d0cc0d272ac022b5d2796e7d6905db8a3636a
syn,3.0.3,crate,MIT OR Apache-2.0,Cargo.lock; apps/windows/Cargo.lock; tools/sonda-r5/windows/Cargo.lock,iOS; macOS; Android-arm64; Android-armv7; Windows-Store-x64,https://crates.io/crates/syn/3.0.3,23f18e03dc49df91622fe2a76176497404e46ced8a715d9d2b67a7446571cca3; 62c7a1e35f56406896d7aa7ca52d0cc0d272ac022b5d2796e7d6905db8a3636a
synstructure,0.13.2,crate,MIT,Cargo.lock,iOS; macOS; Android-arm64; Android-armv7,https://crates.io/crates/synstructure/0.13.2,219920e865eee70b7dcfc948a86b099e7f4fe2de01bcca2ca9a20c0a033f2b59
synstructure,0.14.0,crate,MIT,apps/windows/Cargo.lock,Windows-Store-x64,https://crates.io/crates/synstructure/0.14.0,219920e865eee70b7dcfc948a86b099e7f4fe2de01bcca2ca9a20c0a033f2b59
tempfile,3.27.0,crate,MIT OR Apache-2.0,Cargo.lock,,https://crates.io/crates/tempfile/3.27.0,8b427f5bc501764575e52ba4f9d95673cf8f6d80a86d0d06599852e1a9a20a36; a60eea817514531668d7e00765731449fe14d059d3249e0bc93b36de45f759f2
thiserror,2.0.20,crate,MIT OR Apache-2.0,Cargo.lock,iOS; macOS; Android-arm64; Android-armv7,https://crates.io/crates/thiserror/2.0.20,23f18e03dc49df91622fe2a76176497404e46ced8a715d9d2b67a7446571cca3; 62c7a1e35f56406896d7aa7ca52d0cc0d272ac022b5d2796e7d6905db8a3636a
thiserror,2.0.21,crate,MIT OR Apache-2.0,apps/windows/Cargo.lock,Windows-Store-x64,https://crates.io/crates/thiserror/2.0.21,23f18e03dc49df91622fe2a76176497404e46ced8a715d9d2b67a7446571cca3; 62c7a1e35f56406896d7aa7ca52d0cc0d272ac022b5d2796e7d6905db8a3636a
thiserror-impl,2.0.20,crate,MIT OR Apache-2.0,Cargo.lock,iOS; macOS; Android-arm64; Android-armv7,https://crates.io/crates/thiserror-impl/2.0.20,23f18e03dc49df91622fe2a76176497404e46ced8a715d9d2b67a7446571cca3; 62c7a1e35f56406896d7aa7ca52d0cc0d272ac022b5d2796e7d6905db8a3636a
thiserror-impl,2.0.21,crate,MIT OR Apache-2.0,apps/windows/Cargo.lock,Windows-Store-x64,https://crates.io/crates/thiserror-impl/2.0.21,23f18e03dc49df91622fe2a76176497404e46ced8a715d9d2b67a7446571cca3; 62c7a1e35f56406896d7aa7ca52d0cc0d272ac022b5d2796e7d6905db8a3636a
tinystr,0.8.4,crate,Unicode-3.0,Cargo.lock; apps/windows/Cargo.lock,iOS; macOS; Android-arm64; Android-armv7; Windows-Store-x64,https://crates.io/crates/tinystr/0.8.4,f367c1b8e1aa262435251e442901da4607b4650e0e63a026f5044473ecfb90f2
toml,0.9.12+spec-1.1.0,crate,MIT OR Apache-2.0,Cargo.lock,,https://crates.io/crates/toml/0.9.12+spec-1.1.0,6efb0476a1cc085077ed49357026d8c173bf33017278ef440f222fb9cbcb66e6; c6596eb7be8581c18be736c846fb9173b69eccf6ef94c5135893ec56bd92ba08
toml_datetime,0.7.5+spec-1.1.0,crate,MIT OR Apache-2.0,Cargo.lock,,https://crates.io/crates/toml_datetime/0.7.5+spec-1.1.0,6efb0476a1cc085077ed49357026d8c173bf33017278ef440f222fb9cbcb66e6; c6596eb7be8581c18be736c846fb9173b69eccf6ef94c5135893ec56bd92ba08
toml_parser,1.1.3+spec-1.1.0,crate,MIT OR Apache-2.0,Cargo.lock,,https://crates.io/crates/toml_parser/1.1.3+spec-1.1.0,6efb0476a1cc085077ed49357026d8c173bf33017278ef440f222fb9cbcb66e6; c6596eb7be8581c18be736c846fb9173b69eccf6ef94c5135893ec56bd92ba08
toml_writer,1.1.2+spec-1.1.0,crate,MIT OR Apache-2.0,Cargo.lock,,https://crates.io/crates/toml_writer/1.1.2+spec-1.1.0,6efb0476a1cc085077ed49357026d8c173bf33017278ef440f222fb9cbcb66e6; c6596eb7be8581c18be736c846fb9173b69eccf6ef94c5135893ec56bd92ba08
tungstenite,0.30.0,crate,MIT OR Apache-2.0,Cargo.lock; apps/windows/Cargo.lock,iOS; macOS; Android-arm64; Android-armv7; Windows-Store-x64,https://crates.io/crates/tungstenite/0.30.0,7fea0ee51a4ca5d5cea7464135fd55e8b09caf3a61da3d451ac8a22af95c033f; a60eea817514531668d7e00765731449fe14d059d3249e0bc93b36de45f759f2
typenum,1.20.1,crate,MIT OR Apache-2.0,Cargo.lock; apps/windows/Cargo.lock,iOS; macOS; Android-arm64; Android-armv7; Windows-Store-x64,https://crates.io/crates/typenum/1.20.1,516b24e051bf5630880ebbd55c40a25ce9552ebaf8970a53e8976eb70e522406; a825bd853ab71619a4923d7b4311221427848070ff44d990da39b0b274c1683f; db11fec9946737df39ca3898d9cd8c10ec6f6c3a884a6802b0ad0b81b4e8f23a
unicode-ident,1.0.24,crate,(MIT OR Apache-2.0) AND Unicode-3.0,Cargo.lock; apps/windows/Cargo.lock; tools/sonda-r5/windows/Cargo.lock,iOS; macOS; Android-arm64; Android-armv7; Windows-Store-x64,https://crates.io/crates/unicode-ident/1.0.24,23f18e03dc49df91622fe2a76176497404e46ced8a715d9d2b67a7446571cca3; 62c7a1e35f56406896d7aa7ca52d0cc0d272ac022b5d2796e7d6905db8a3636a; f7db81051789b729fea528a63ec4c938fdcb93d9d61d97dc8cc2e9df6d47f2a1
unicode-xid,0.2.6,crate,MIT OR Apache-2.0,Cargo.lock; apps/windows/Cargo.lock,iOS; macOS; Android-arm64; Android-armv7; Windows-Store-x64,https://crates.io/crates/unicode-xid/0.2.6,7b63ecd5f1902af1b63729947373683c32745c16a10e8e6292e2e2dcd7e90ae0; a60eea817514531668d7e00765731449fe14d059d3249e0bc93b36de45f759f2
url,2.5.8,crate,MIT OR Apache-2.0,Cargo.lock; apps/windows/Cargo.lock,iOS; macOS; Android-arm64; Android-armv7; Windows-Store-x64,https://crates.io/crates/url/2.5.8,a60eea817514531668d7e00765731449fe14d059d3249e0bc93b36de45f759f2; b38f11f6096706e6de553dabe2a7ed142d59b6fa8c97e290c67496154745cdd5
usrsctp,snapshot de libdatachannel 0.23.2,nativo,BSD-3-Clause; variantes BSD por arquivo,,,vendor/datachannel-sys/libdatachannel/deps/usrsctp/LICENSE.md,1153d80124ef8b71b17587b1f81b7ae009742aa969ed919a86641059ed6eac26; 193ff72a491e26c66ae3f40d1864430014ac3869669fcc90833b6819a846be40; 1c75ffc30a9102cb95a3b95011a238a2b0f011febc935f6fbd846b45f294063c; 2c04c557d1f3ae2d3004f63ae8e62ff8f13ce564dc3798d4f2053f192cc46cad; 2d462b399973512c60d6e8011faf48058460e60980136f156da0869860a34725; 36191b3fa49f29ce14b10e592a27decb6004e73b91e5b79179a6431f176376b5; 42e2c0aece61cca61acf14f2e4363dc1e92718ce605823d5984e6a27e653bb3b; 4e7b15416a57e556b971d6dc2b39864ed88c97e35399bdeb07fc7523bde88949; 7274fdb5065882104fcbe943ef48f0707adac6724693e7b6dd8ec0c9832c56b1; 80e53b33f417fdfc8b11c7b896c191f4c2e2188a4cd9c32d2ab4e912ea63cd71; 85f714c369eae830a7b675c36bc7b3dc732b2b97eeeeae29e96abc1cc61ced7e; 86dd40fcb9fd13f191fbdbc733b50b068ac529000cddae8d696c713512bbc700; 889dcc9833b5c34501350ddc76390d0ed0e33ed6acb92620bbee8a3689deb3f3; 8f9c9beaee5107099817612bb3c4bb03c84ec0e06044ba55f1c231e761cd0820; 97f1548ae3274120142412117bfd233f79eddd46ff0b4655ea10feb77573466d; 99ce0908f3b8a93daa26d3c5487b93beaa7fb8e5222fae05448bb6d1d24aebbc; a3281b5ca7b42e70cdc877f52f5ff5907dd36c6772059e97d91ae4f58008b224; b3abe7c7c109713db52de8e5969aefcaefb250f44e2f4ad50dd298d556439e97; b5bc50de55479423e656e2defc80beb900aa66b9582384aac70d7b77300c5a6f; ba5c8cb68fdfba2093eb9f1fa7f2c5b2973757a3c208ac90f679f414b26a6054; cc82299e3902d94c7d705c5f34ed96cd8e7ce98e2d3380201cb538589a5f1f8c; d8f98b796e8c8d3203f4939841d84942da76ddef989e1d683570049b06866581; da2027df279120d22b9ece2ebd60e0a3b6768940b15f0431a8287b23f6376f2d; eedd4c6f0d8e445c5b63fbb105b4f171c20e5166062b347386035d7d3e9211ff; fa53711b25af4b9a9b8dadfea3cb38166ec4b96760c8d62b284055554537d9ef; fc66ea03aae69f455d2766676b697713aecb1ae23fbfd41d362f55daab6ea263
utf8_iter,1.0.4,crate,Apache-2.0 OR MIT,Cargo.lock; apps/windows/Cargo.lock,iOS; macOS; Android-arm64; Android-armv7; Windows-Store-x64,https://crates.io/crates/utf8_iter/1.0.4,3fa4ca83dcc9237839b1bdeb2e6d16bdfb5ec0c5ce42b24694d8bbf0dcbef72c; cfc7749b96f63bd31c3c42b5c471bf756814053e847c10f3eb003417bc523d30
utf8parse,0.2.2,crate,Apache-2.0 OR MIT,Cargo.lock; apps/windows/Cargo.lock; tools/sonda-r5/windows/Cargo.lock,Windows-Store-x64,https://crates.io/crates/utf8parse/0.2.2,62c7a1e35f56406896d7aa7ca52d0cc0d272ac022b5d2796e7d6905db8a3636a; e4c9b06fa850cb9b540a5e400e9f6394cf15efcf4098144de477d1d3dae10150
version_check,0.9.5,crate,MIT/Apache-2.0,Cargo.lock; apps/windows/Cargo.lock,,https://crates.io/crates/version_check/0.9.5,a60eea817514531668d7e00765731449fe14d059d3249e0bc93b36de45f759f2; b7e650f3fce5c53249d1cdc608b54df156a97edd636cf9d23498d0cfe7aec63e
w32-pthreads (plugin OBS),"2.9.1.0, fonte em OBS 32.2.2; DLL alvo não conferida",nativo-plugin,LGPL-2.1; pthread.h também permite versão 2 ou posterior,,,https://github.com/obsproject/obs-studio/tree/32.2.2/deps/w32-pthreads,3d002005d6b1845f98467bad48f3ac107f1090c854d4fc91d31b557d564a63c7; 8245fb62ab17d44e8fbbb97214860647b37ed49fd5c8b5251cf6d163163c5f00; d46588e15c232834f285fa09808edaa313fac3834cf0871c7232d16661fd63ae; f5ec44751e2c8d075d3d9dfd1a677eecfdbff419ac6bd9ac58744cb10c06bfb3
wasi,0.11.1+wasi-snapshot-preview1,crate,Apache-2.0 WITH LLVM-exception OR Apache-2.0 OR MIT,Cargo.lock; apps/windows/Cargo.lock,,https://crates.io/crates/wasi/0.11.1+wasi-snapshot-preview1,23f18e03dc49df91622fe2a76176497404e46ced8a715d9d2b67a7446571cca3; 268872b9816f90fd8e85db5a28d33f8150ebb8dd016653fb39ef1f94f2686bc5; a60eea817514531668d7e00765731449fe14d059d3249e0bc93b36de45f759f2
wasip2,1.0.4+wasi-0.2.12,crate,Apache-2.0 WITH LLVM-exception OR Apache-2.0 OR MIT,Cargo.lock; apps/windows/Cargo.lock,,https://crates.io/crates/wasip2/1.0.4+wasi-0.2.12,23f18e03dc49df91622fe2a76176497404e46ced8a715d9d2b67a7446571cca3; 268872b9816f90fd8e85db5a28d33f8150ebb8dd016653fb39ef1f94f2686bc5; a60eea817514531668d7e00765731449fe14d059d3249e0bc93b36de45f759f2
webrtc-sdp,0.3.14,crate,MPL-2.0,Cargo.lock,iOS; macOS; Android-arm64; Android-armv7,https://crates.io/crates/webrtc-sdp/0.3.14,1f256ecad192880510e84ad60474eab7589218784b9a50bc7ceee34c2b91f1d5
webrtc-sdp,0.3.15,crate,MPL-2.0,apps/windows/Cargo.lock,Windows-Store-x64,https://crates.io/crates/webrtc-sdp/0.3.15,1f256ecad192880510e84ad60474eab7589218784b9a50bc7ceee34c2b91f1d5
windows,0.62.2,crate,MIT OR Apache-2.0,apps/windows/Cargo.lock; tools/sonda-r5/windows/Cargo.lock,Windows-Store-x64,https://crates.io/crates/windows/0.62.2,c16f8dcf1a368b83be78d826ea23de4079fe1b4469a0ab9ee20563f37ff3d44b; c2cfccb812fe482101a8f04597dfc5a9991a6b2748266c47ac91b6a5aae15383
windows-collections,0.3.2,crate,MIT OR Apache-2.0,apps/windows/Cargo.lock; tools/sonda-r5/windows/Cargo.lock,Windows-Store-x64,https://crates.io/crates/windows-collections/0.3.2,c16f8dcf1a368b83be78d826ea23de4079fe1b4469a0ab9ee20563f37ff3d44b; c2cfccb812fe482101a8f04597dfc5a9991a6b2748266c47ac91b6a5aae15383
windows-core,0.62.2,crate,MIT OR Apache-2.0,apps/windows/Cargo.lock; tools/sonda-r5/windows/Cargo.lock,Windows-Store-x64,https://crates.io/crates/windows-core/0.62.2,c16f8dcf1a368b83be78d826ea23de4079fe1b4469a0ab9ee20563f37ff3d44b; c2cfccb812fe482101a8f04597dfc5a9991a6b2748266c47ac91b6a5aae15383
windows-future,0.3.2,crate,MIT OR Apache-2.0,apps/windows/Cargo.lock; tools/sonda-r5/windows/Cargo.lock,Windows-Store-x64,https://crates.io/crates/windows-future/0.3.2,c16f8dcf1a368b83be78d826ea23de4079fe1b4469a0ab9ee20563f37ff3d44b; c2cfccb812fe482101a8f04597dfc5a9991a6b2748266c47ac91b6a5aae15383
windows-implement,0.60.2,crate,MIT OR Apache-2.0,apps/windows/Cargo.lock; tools/sonda-r5/windows/Cargo.lock,Windows-Store-x64,https://crates.io/crates/windows-implement/0.60.2,c16f8dcf1a368b83be78d826ea23de4079fe1b4469a0ab9ee20563f37ff3d44b; c2cfccb812fe482101a8f04597dfc5a9991a6b2748266c47ac91b6a5aae15383
windows-interface,0.59.3,crate,MIT OR Apache-2.0,apps/windows/Cargo.lock; tools/sonda-r5/windows/Cargo.lock,Windows-Store-x64,https://crates.io/crates/windows-interface/0.59.3,c16f8dcf1a368b83be78d826ea23de4079fe1b4469a0ab9ee20563f37ff3d44b; c2cfccb812fe482101a8f04597dfc5a9991a6b2748266c47ac91b6a5aae15383
windows-link,0.2.1,crate,MIT OR Apache-2.0,Cargo.lock; apps/windows/Cargo.lock; tools/sonda-r5/windows/Cargo.lock,Windows-Store-x64,https://crates.io/crates/windows-link/0.2.1,c16f8dcf1a368b83be78d826ea23de4079fe1b4469a0ab9ee20563f37ff3d44b; c2cfccb812fe482101a8f04597dfc5a9991a6b2748266c47ac91b6a5aae15383
windows-numerics,0.3.1,crate,MIT OR Apache-2.0,apps/windows/Cargo.lock; tools/sonda-r5/windows/Cargo.lock,Windows-Store-x64,https://crates.io/crates/windows-numerics/0.3.1,c16f8dcf1a368b83be78d826ea23de4079fe1b4469a0ab9ee20563f37ff3d44b; c2cfccb812fe482101a8f04597dfc5a9991a6b2748266c47ac91b6a5aae15383
windows-result,0.4.1,crate,MIT OR Apache-2.0,apps/windows/Cargo.lock; tools/sonda-r5/windows/Cargo.lock,Windows-Store-x64,https://crates.io/crates/windows-result/0.4.1,c16f8dcf1a368b83be78d826ea23de4079fe1b4469a0ab9ee20563f37ff3d44b; c2cfccb812fe482101a8f04597dfc5a9991a6b2748266c47ac91b6a5aae15383
windows-strings,0.5.1,crate,MIT OR Apache-2.0,apps/windows/Cargo.lock; tools/sonda-r5/windows/Cargo.lock,Windows-Store-x64,https://crates.io/crates/windows-strings/0.5.1,c16f8dcf1a368b83be78d826ea23de4079fe1b4469a0ab9ee20563f37ff3d44b; c2cfccb812fe482101a8f04597dfc5a9991a6b2748266c47ac91b6a5aae15383
windows-sys,0.61.2,crate,MIT OR Apache-2.0,Cargo.lock; apps/windows/Cargo.lock; tools/sonda-r5/windows/Cargo.lock,Windows-Store-x64,https://crates.io/crates/windows-sys/0.61.2,c16f8dcf1a368b83be78d826ea23de4079fe1b4469a0ab9ee20563f37ff3d44b; c2cfccb812fe482101a8f04597dfc5a9991a6b2748266c47ac91b6a5aae15383
windows-threading,0.2.1,crate,MIT OR Apache-2.0,apps/windows/Cargo.lock; tools/sonda-r5/windows/Cargo.lock,Windows-Store-x64,https://crates.io/crates/windows-threading/0.2.1,c16f8dcf1a368b83be78d826ea23de4079fe1b4469a0ab9ee20563f37ff3d44b; c2cfccb812fe482101a8f04597dfc5a9991a6b2748266c47ac91b6a5aae15383
winnow,0.7.15,crate,MIT,Cargo.lock,,https://crates.io/crates/winnow/0.7.15,cb5aedb296c5246d1f22e9099f925a65146f9f0d6b4eebba97fd27a6cdbbab2d
winnow,1.0.4,crate,MIT,Cargo.lock,,https://crates.io/crates/winnow/1.0.4,cb5aedb296c5246d1f22e9099f925a65146f9f0d6b4eebba97fd27a6cdbbab2d
wit-bindgen,0.57.1,crate,Apache-2.0 WITH LLVM-exception OR Apache-2.0 OR MIT,Cargo.lock; apps/windows/Cargo.lock,,https://crates.io/crates/wit-bindgen/0.57.1,23f18e03dc49df91622fe2a76176497404e46ced8a715d9d2b67a7446571cca3; 268872b9816f90fd8e85db5a28d33f8150ebb8dd016653fb39ef1f94f2686bc5; a60eea817514531668d7e00765731449fe14d059d3249e0bc93b36de45f759f2
writeable,0.6.4,crate,Unicode-3.0,Cargo.lock; apps/windows/Cargo.lock,iOS; macOS; Android-arm64; Android-armv7; Windows-Store-x64,https://crates.io/crates/writeable/0.6.4,f367c1b8e1aa262435251e442901da4607b4650e0e63a026f5044473ecfb90f2
x25519-dalek,3.0.0,crate,BSD-3-Clause,Cargo.lock; apps/windows/Cargo.lock,iOS; macOS; Android-arm64; Android-armv7; Windows-Store-x64,https://crates.io/crates/x25519-dalek/3.0.0,bebc725b8cb1ba1ed1798cb505cf31bf9bce4cbe942baf358b642666ba8186bd
yoke,0.8.3,crate,Unicode-3.0,Cargo.lock; apps/windows/Cargo.lock,iOS; macOS; Android-arm64; Android-armv7; Windows-Store-x64,https://crates.io/crates/yoke/0.8.3,f367c1b8e1aa262435251e442901da4607b4650e0e63a026f5044473ecfb90f2
yoke-derive,0.8.2,crate,Unicode-3.0,Cargo.lock,iOS; macOS; Android-arm64; Android-armv7,https://crates.io/crates/yoke-derive/0.8.2,f367c1b8e1aa262435251e442901da4607b4650e0e63a026f5044473ecfb90f2
yoke-derive,0.8.4,crate,Unicode-3.0,apps/windows/Cargo.lock,Windows-Store-x64,https://crates.io/crates/yoke-derive/0.8.4,f367c1b8e1aa262435251e442901da4607b4650e0e63a026f5044473ecfb90f2
zerofrom,0.1.8,crate,Unicode-3.0,Cargo.lock; apps/windows/Cargo.lock,iOS; macOS; Android-arm64; Android-armv7; Windows-Store-x64,https://crates.io/crates/zerofrom/0.1.8,f367c1b8e1aa262435251e442901da4607b4650e0e63a026f5044473ecfb90f2
zerofrom-derive,0.1.7,crate,Unicode-3.0,Cargo.lock,iOS; macOS; Android-arm64; Android-armv7,https://crates.io/crates/zerofrom-derive/0.1.7,f367c1b8e1aa262435251e442901da4607b4650e0e63a026f5044473ecfb90f2
zerofrom-derive,0.1.8,crate,Unicode-3.0,apps/windows/Cargo.lock,Windows-Store-x64,https://crates.io/crates/zerofrom-derive/0.1.8,f367c1b8e1aa262435251e442901da4607b4650e0e63a026f5044473ecfb90f2
zeroize,1.9.0,crate,Apache-2.0 OR MIT,Cargo.lock; apps/windows/Cargo.lock,iOS; macOS; Android-arm64; Android-armv7; Windows-Store-x64,https://crates.io/crates/zeroize/1.9.0,8c7516d4b27b1e495be5e38b612298b63de48d05f49cdac94f70f3cd70f8864b; cfc7749b96f63bd31c3c42b5c471bf756814053e847c10f3eb003417bc523d30
zerotrie,0.2.5,crate,Unicode-3.0,Cargo.lock; apps/windows/Cargo.lock,iOS; macOS; Android-arm64; Android-armv7; Windows-Store-x64,https://crates.io/crates/zerotrie/0.2.5,f367c1b8e1aa262435251e442901da4607b4650e0e63a026f5044473ecfb90f2
zerovec,0.11.8,crate,Unicode-3.0,Cargo.lock; apps/windows/Cargo.lock,iOS; macOS; Android-arm64; Android-armv7; Windows-Store-x64,https://crates.io/crates/zerovec/0.11.8,f367c1b8e1aa262435251e442901da4607b4650e0e63a026f5044473ecfb90f2
zerovec-derive,0.11.6,crate,Unicode-3.0,Cargo.lock; apps/windows/Cargo.lock,iOS; macOS; Android-arm64; Android-armv7; Windows-Store-x64,https://crates.io/crates/zerovec-derive/0.11.6,f367c1b8e1aa262435251e442901da4607b4650e0e63a026f5044473ecfb90f2
zmij,1.0.23,crate,MIT,Cargo.lock; apps/windows/Cargo.lock; tools/sonda-r5/windows/Cargo.lock,iOS; macOS; Android-arm64; Android-armv7; Windows-Store-x64,https://crates.io/crates/zmij/1.0.23,23f18e03dc49df91622fe2a76176497404e46ced8a715d9d2b67a7446571cca3
