path	sha256
docs/distribuicao/licencas/textos/android/Apache-2.0.txt	cfc7749b96f63bd31c3c42b5c471bf756814053e847c10f3eb003417bc523d30
docs/distribuicao/licencas/textos/android/CameraX-1.4.2-LICENSE.txt	809fa1ed21450f59827d1e9aec720bbc4b687434fa22283c6cb5dd82a47ab9c0
docs/distribuicao/licencas/textos/android/FFmpeg-9.0.1-Boost-BSL-1.0.txt	95d0556ea821e27decd900591896c6ba7149d570634ee86a681614f37930e317
docs/distribuicao/licencas/textos/android/FFmpeg-9.0.1-IJG.txt	6ea618f1db60eefd0b4d5a0a1c5f458f8d5e2b34c84d9852842af46c80939da4
docs/distribuicao/licencas/textos/android/FFmpeg-9.0.1-LGPL-2.1.txt	246041b6ecf9bc32d718a62c57877c78b5eb397b6467e74ed7ae2626ab189c30
docs/distribuicao/licencas/textos/android/FFmpeg-9.0.1-LICENSE.md	2e1d16c72fd74e12063776371da757322f8b77589386532f4fd8634bde7de1af
docs/distribuicao/licencas/textos/android/FFmpeg-9.0.1-avsscanf-MIT.txt	7312e2bce0dfdb1ef4c0d8b2d9276afefa47ece773dabd65b25ca19a3677ccaa
docs/distribuicao/licencas/textos/android/FFmpeg-9.0.1-fixed-dsp-BSD-3-Clause.txt	56a970f45f97b7d0f242295b72252b6ebd5eb6eb0fa99bcf11018b9f43bfbf08
docs/distribuicao/licencas/textos/android/FFmpeg-9.0.1-sha-notice.txt	ad5da8c54041beee2458dd80871d413387af6d53a93b404969231f8531cd6238
docs/distribuicao/licencas/textos/android/FFmpeg-9.0.1-uuid-BSD-3-Clause.txt	8fc01ed21f9e60c6e6884fb2306f732e21c7d9bd6356ad35f2c9aeedee59f650
docs/distribuicao/licencas/textos/android/Hamcrest-1.3-BSD-3-Clause.txt	1cde867cab5c8e842929da5391cef98b4017314822270e934e8e2eef3767c666
docs/distribuicao/licencas/textos/android/JUnit-4.13.2-EPL-1.0.txt	9648bb2891b9813970bddb68d4be8a5e6ec8280d0180a53dfb29236b579c55bb
docs/distribuicao/licencas/textos/android/NDK-r27c-compiler-rt-LICENSE.txt	1a8f1058753f1ba890de984e48f0242a3a5c29a6a8f2ed9fd813f36985387e8d
docs/distribuicao/licencas/textos/android/NDK-r27c-libcxx-LICENSE.txt	539dd7aed86e8a4f12cbdd0e6c50c189c7d74847e4fecc64ce2c6ee3a01da38b
docs/distribuicao/licencas/textos/android/NDK-r27c-libcxxabi-LICENSE.txt	e2b35be49f7284a45b7baca8fc7b3ab7440e7902392b2528a457816b5bb2a15c
docs/distribuicao/licencas/textos/android/NDK-r27c-libunwind-LICENSE.txt	b5efebcaca80879234098e52d1725e6d9eb8fb96a19fce625d39184b705f7b6d
docs/distribuicao/licencas/textos/android/SHA2-Aaron-Gifford-BSD-3-Clause.txt	b3a13f41cd96ed66bac6d0cc4abde7f728507e3058eb564c8e013ebf3ca4188d
docs/distribuicao/licencas/textos/android/libyuv-BSD-3-Clause.txt	2b2cc1180c7e6988328ad2033b04b80117419db9c4c584918bbb3cfec7e9364f
